-- Categories
INSERT INTO categories (id, name_en, name_ar, image_url, sort_order) VALUES ('cat-8', 'Grilled', 'مشوي', '/categories/grilled.jpg', 0);
INSERT INTO categories (id, name_en, name_ar, image_url, sort_order) VALUES ('cat-77', 'Sandwiches', 'سندويشات', '/categories/sandwiches.jpg', 1);
INSERT INTO categories (id, name_en, name_ar, image_url, sort_order) VALUES ('cat-100', 'Plates', 'صحون', '/categories/plates.jpg', 2);
INSERT INTO categories (id, name_en, name_ar, image_url, sort_order) VALUES ('cat-261', 'Lahm B Aajin', 'لحم بعجين', '/categories/lahm b aajin.jpg', 3);
INSERT INTO categories (id, name_en, name_ar, image_url, sort_order) VALUES ('cat-38', 'Chicken', 'دجاج', '/categories/chicken.jpg', 4);
INSERT INTO categories (id, name_en, name_ar, image_url, sort_order) VALUES ('cat-66', 'Frozen Items', 'مثلجات', '/categories/frozen items.jpg', 5);
INSERT INTO categories (id, name_en, name_ar, image_url, sort_order) VALUES ('cat-260', 'Appetizers', 'مقبلات', '/categories/appetizers.jpg', 6);
INSERT INTO categories (id, name_en, name_ar, image_url, sort_order) VALUES ('cat-156', 'Lamb', 'لحم غنم', '', 7);
INSERT INTO categories (id, name_en, name_ar, image_url, sort_order) VALUES ('cat-211', 'Lamb and Veal', 'غنم وعجل', '', 8);
INSERT INTO categories (id, name_en, name_ar, image_url, sort_order) VALUES ('cat-114', 'Beef', 'لحم بقر', '', 9);
INSERT INTO categories (id, name_en, name_ar, image_url, sort_order) VALUES ('cat-150', 'White Veal', 'لحم عجل ابيض', '', 10);
INSERT INTO categories (id, name_en, name_ar, image_url, sort_order) VALUES ('cat-184', 'Qarqour Meat', 'لحم قرقور', '', 11);
INSERT INTO categories (id, name_en, name_ar, image_url, sort_order) VALUES ('cat-193', 'Skewered Meat', 'لحم مشكوك', '', 12);
INSERT INTO categories (id, name_en, name_ar, image_url, sort_order) VALUES ('cat-204', 'Meat for Ovens', 'لحوم للأفران', '', 13);
INSERT INTO categories (id, name_en, name_ar, image_url, sort_order) VALUES ('cat-249', 'Goat', 'معزي', '', 14);
INSERT INTO categories (id, name_en, name_ar, image_url, sort_order) VALUES ('cat-233', 'Beverages', 'مرطبات', '/categories/beverages.jpg', 15);

-- Items
INSERT INTO items (id, category_id, name_en, name_ar, price, unit, weight_step, min_quantity, description_en, description_ar, image_url, presets, sort_order) VALUES ('prod-434', 'cat-8', 'Orfali Grilled', 'اورفلي مشوي', 36.31, 'kg', 0.1, 1, '', '', '', '["Extra garlic","Extra pickles","No garlic","No pickles","Include bread"]', 0);
INSERT INTO items (id, category_id, name_en, name_ar, price, unit, weight_step, min_quantity, description_en, description_ar, image_url, presets, sort_order) VALUES ('prod-385', 'cat-8', 'Khashkhash Grilled', 'خشخاش مشوي', 36.31, 'kg', 0.1, 1, '', '', '', '["Extra garlic","Extra pickles","No garlic","No pickles","Include bread"]', 1);
INSERT INTO items (id, category_id, name_en, name_ar, price, unit, weight_step, min_quantity, description_en, description_ar, image_url, presets, sort_order) VALUES ('prod-488', 'cat-8', 'Dozen Wings Grilled', 'دزينة جوانح مشويه', 6.15, 'piece', NULL, 1, '', '', '', '["Extra garlic","Extra pickles","No garlic","No pickles","Include bread"]', 2);
INSERT INTO items (id, category_id, name_en, name_ar, price, unit, weight_step, min_quantity, description_en, description_ar, image_url, presets, sort_order) VALUES ('prod-397', 'cat-8', 'Sujuk Grilled', 'سجق مشوي', 36.31, 'kg', 0.1, 1, '', '', '', '["Extra garlic","Extra pickles","No garlic","No pickles","Include bread"]', 3);
INSERT INTO items (id, category_id, name_en, name_ar, price, unit, weight_step, min_quantity, description_en, description_ar, image_url, presets, sort_order) VALUES ('prod-371', 'cat-8', 'Liver Grilled', 'سودة مشوي', 41.9, 'kg', 0.1, 1, '', '', '', '["Extra garlic","Extra pickles","No garlic","No pickles","Include bread"]', 4);
INSERT INTO items (id, category_id, name_en, name_ar, price, unit, weight_step, min_quantity, description_en, description_ar, image_url, presets, sort_order) VALUES ('prod-485', 'cat-8', 'Plate Arayes', 'صحن عرايس', 8.38, 'piece', NULL, 1, '', '', '', '["Extra garlic","Extra pickles","No coleslaw","No fries","Add tabasco"]', 5);
INSERT INTO items (id, category_id, name_en, name_ar, price, unit, weight_step, min_quantity, description_en, description_ar, image_url, presets, sort_order) VALUES ('prod-356', 'cat-8', 'Tawook Grilled', 'طاووق مشوي', 33.52, 'kg', 0.1, 1, '', '', '', '["Extra garlic","Extra pickles","No garlic","No pickles","Include bread"]', 6);
INSERT INTO items (id, category_id, name_en, name_ar, price, unit, weight_step, min_quantity, description_en, description_ar, image_url, presets, sort_order) VALUES ('prod-355', 'cat-8', 'Cutlet Grilled', 'فتايل مشوي', 58.1, 'kg', 0.1, 1, '', '', '', '["Extra garlic","Extra pickles","No garlic","No pickles","Include bread"]', 7);
INSERT INTO items (id, category_id, name_en, name_ar, price, unit, weight_step, min_quantity, description_en, description_ar, image_url, presets, sort_order) VALUES ('prod-513', 'cat-8', 'Grilled Boneless Chicken', 'فروج مسحب مشوي', 14.53, 'piece', NULL, 1, '', '', '', '["Extra garlic","Extra pickles","No garlic","No pickles","Include bread"]', 8);
INSERT INTO items (id, category_id, name_en, name_ar, price, unit, weight_step, min_quantity, description_en, description_ar, image_url, presets, sort_order) VALUES ('prod-486', 'cat-8', 'Chicken Grilled', 'فروج مشوي', 14.53, 'piece', NULL, 1, '', '', '', '["Extra garlic","Extra pickles","No garlic","No pickles","Include bread"]', 9);
INSERT INTO items (id, category_id, name_en, name_ar, price, unit, weight_step, min_quantity, description_en, description_ar, image_url, presets, sort_order) VALUES ('prod-523', 'cat-8', 'Chicken Grilled with Garlic and Pickles', 'فروج مشوي مع ثوم و كبيس', 12.29, 'piece', NULL, 1, '', '', '', '["Extra garlic","Extra pickles","No garlic","No pickles","Include bread"]', 10);
INSERT INTO items (id, category_id, name_en, name_ar, price, unit, weight_step, min_quantity, description_en, description_ar, image_url, presets, sort_order) VALUES ('prod-522', 'cat-8', 'Fillet Grilled', 'فيليه مشوي', 47.49, 'piece', NULL, 1, '', '', '', '["Extra garlic","Extra pickles","No garlic","No pickles","Include bread"]', 11);
INSERT INTO items (id, category_id, name_en, name_ar, price, unit, weight_step, min_quantity, description_en, description_ar, image_url, presets, sort_order) VALUES ('prod-423', 'cat-8', 'Kebab Eggplant Grilled', 'كباب بذنجان مشوي', 36.31, 'kg', 0.1, 1, '', '', '', '["Extra garlic","Extra pickles","No garlic","No pickles","Include bread"]', 12);
INSERT INTO items (id, category_id, name_en, name_ar, price, unit, weight_step, min_quantity, description_en, description_ar, image_url, presets, sort_order) VALUES ('prod-375', 'cat-8', 'Kibbeh Grilled', 'كبه مشوي', 36.31, 'kg', 0.1, 1, '', '', '', '["Extra garlic","Extra pickles","No garlic","No pickles","Include bread"]', 13);
INSERT INTO items (id, category_id, name_en, name_ar, price, unit, weight_step, min_quantity, description_en, description_ar, image_url, presets, sort_order) VALUES ('prod-358', 'cat-8', 'Cutlets Lamb Grilled', 'كستلاته غنم مشوي', 39.11, 'kg', 0.1, 1, '', '', '', '["Extra garlic","Extra pickles","No garlic","No pickles","Include bread"]', 14);
INSERT INTO items (id, category_id, name_en, name_ar, price, unit, weight_step, min_quantity, description_en, description_ar, image_url, presets, sort_order) VALUES ('prod-357', 'cat-8', 'Kafta Chicken Grilled', 'كفته دجاج مشوي', 22.35, 'kg', 0.1, 1, '', '', '', '["Extra garlic","Extra pickles","No garlic","No pickles","Include bread"]', 15);
INSERT INTO items (id, category_id, name_en, name_ar, price, unit, weight_step, min_quantity, description_en, description_ar, image_url, presets, sort_order) VALUES ('prod-363', 'cat-8', 'Kafta Grilled', 'كفته مشوي', 36.31, 'kg', 0.1, 1, '', '', '', '["Extra garlic","Extra pickles","No garlic","No pickles","Include bread"]', 16);
INSERT INTO items (id, category_id, name_en, name_ar, price, unit, weight_step, min_quantity, description_en, description_ar, image_url, presets, sort_order) VALUES ('prod-359', 'cat-8', 'Mixed Grill', 'مشوي مشكل', 43.02, 'kg', 0.1, 1, '', '', '', '["Extra garlic","Extra pickles","No garlic","No pickles","Include bread"]', 17);
INSERT INTO items (id, category_id, name_en, name_ar, price, unit, weight_step, min_quantity, description_en, description_ar, image_url, presets, sort_order) VALUES ('prod-401', 'cat-8', 'Makanek Grilled', 'مقانق مشوي', 36.31, 'kg', 0.1, 1, '', '', '', '["Extra garlic","Extra pickles","No garlic","No pickles","Include bread"]', 18);
INSERT INTO items (id, category_id, name_en, name_ar, price, unit, weight_step, min_quantity, description_en, description_ar, image_url, presets, sort_order) VALUES ('prod-487', 'cat-8', 'Half Grilled Chicken', 'نصف فروج مشوي', 8.38, 'piece', NULL, 1, '', '', '', '["Extra garlic","Extra pickles","No garlic","No pickles","Include bread"]', 19);
INSERT INTO items (id, category_id, name_en, name_ar, price, unit, weight_step, min_quantity, description_en, description_ar, image_url, presets, sort_order) VALUES ('prod-403', 'cat-8', 'Lean Meat Grilled', 'هبره مشويه', 36.31, 'kg', 0.1, 1, '', '', '', '["Extra garlic","Extra pickles","No garlic","No pickles","Include bread"]', 20);
INSERT INTO items (id, category_id, name_en, name_ar, price, unit, weight_step, min_quantity, description_en, description_ar, image_url, presets, sort_order) VALUES ('prod-544', 'cat-77', 'Sandwich Escalope', 'سندويش اسكلوب', 4.19, 'piece', NULL, 1, '', '', '', '["No garlic","No pickles","No coleslaw","Extra tabasco","Cut in half"]', 0);
INSERT INTO items (id, category_id, name_en, name_ar, price, unit, weight_step, min_quantity, description_en, description_ar, image_url, presets, sort_order) VALUES ('prod-473', 'cat-77', 'Sandwich Orfali', 'سندويش أورفلي', 4.19, 'piece', NULL, 1, '', '', '', '["No garlic","No pickles","No coleslaw","Extra tabasco","Cut in half"]', 1);
INSERT INTO items (id, category_id, name_en, name_ar, price, unit, weight_step, min_quantity, description_en, description_ar, image_url, presets, sort_order) VALUES ('prod-496', 'cat-77', 'Sandwich Potato', 'سندويش بطاطا', 2.8, 'piece', NULL, 1, '', '', '', '["No garlic","No pickles","No coleslaw","Extra tabasco","Cut in half"]', 2);
INSERT INTO items (id, category_id, name_en, name_ar, price, unit, weight_step, min_quantity, description_en, description_ar, image_url, presets, sort_order) VALUES ('prod-453', 'cat-77', 'Chicken Burger', 'تشيكن برغر', 3.91, 'kg', 0.1, 1, '', '', '', '["No garlic","No pickles","No coleslaw","Extra tabasco","Cut in half"]', 3);
INSERT INTO items (id, category_id, name_en, name_ar, price, unit, weight_step, min_quantity, description_en, description_ar, image_url, presets, sort_order) VALUES ('prod-474', 'cat-77', 'Sandwich Khashkhash', 'سندويش خشخاش', 4.19, 'piece', NULL, 1, '', '', '', '["No garlic","No pickles","No coleslaw","Extra tabasco","Cut in half"]', 4);
INSERT INTO items (id, category_id, name_en, name_ar, price, unit, weight_step, min_quantity, description_en, description_ar, image_url, presets, sort_order) VALUES ('prod-481', 'cat-77', 'Sandwich Sujuk', 'سندويش سجق', 4.19, 'piece', NULL, 1, '', '', '', '["No garlic","No pickles","No coleslaw","Extra tabasco","Cut in half"]', 5);
INSERT INTO items (id, category_id, name_en, name_ar, price, unit, weight_step, min_quantity, description_en, description_ar, image_url, presets, sort_order) VALUES ('prod-477', 'cat-77', 'Sandwich Liver', 'سندويش سوده', 4.75, 'piece', NULL, 1, '', '', '', '["No garlic","No pickles","No coleslaw","Extra tabasco","Cut in half"]', 6);
INSERT INTO items (id, category_id, name_en, name_ar, price, unit, weight_step, min_quantity, description_en, description_ar, image_url, presets, sort_order) VALUES ('prod-540', 'cat-77', 'Sandwich Cubes Fillet', 'سندويش شقف فيليه', 5.31, 'piece', NULL, 1, '', '', '', '["No garlic","No pickles","No coleslaw","Extra tabasco","Cut in half"]', 7);
INSERT INTO items (id, category_id, name_en, name_ar, price, unit, weight_step, min_quantity, description_en, description_ar, image_url, presets, sort_order) VALUES ('prod-471', 'cat-77', 'Sandwich Tawook', 'سندويش طاووق', 3.91, 'piece', NULL, 1, '', '', '', '["No garlic","No pickles","No coleslaw","Extra tabasco","Cut in half"]', 8);
INSERT INTO items (id, category_id, name_en, name_ar, price, unit, weight_step, min_quantity, description_en, description_ar, image_url, presets, sort_order) VALUES ('prod-470', 'cat-77', 'Sandwich Strips', 'سندويش فتايل', 6.15, 'piece', NULL, 1, '', '', '', '["No garlic","No pickles","No coleslaw","Extra tabasco","Cut in half"]', 9);
INSERT INTO items (id, category_id, name_en, name_ar, price, unit, weight_step, min_quantity, description_en, description_ar, image_url, presets, sort_order) VALUES ('prod-476', 'cat-77', 'Sandwich Kibbeh', 'سندويش كبه', 4.19, 'piece', NULL, 1, '', '', '', '["No garlic","No pickles","No coleslaw","Extra tabasco","Cut in half"]', 10);
INSERT INTO items (id, category_id, name_en, name_ar, price, unit, weight_step, min_quantity, description_en, description_ar, image_url, presets, sort_order) VALUES ('prod-555', 'cat-77', 'Sandwich Crispy', 'سندويش كريسبي', 4.75, 'piece', NULL, 1, '', '', '', '["No garlic","No pickles","No coleslaw","Extra tabasco","Cut in half"]', 11);
INSERT INTO items (id, category_id, name_en, name_ar, price, unit, weight_step, min_quantity, description_en, description_ar, image_url, presets, sort_order) VALUES ('prod-472', 'cat-77', 'Sandwich Kafta', 'سندويش كفته', 4.19, 'piece', NULL, 1, '', '', '', '["No garlic","No pickles","No coleslaw","Extra tabasco","Cut in half"]', 12);
INSERT INTO items (id, category_id, name_en, name_ar, price, unit, weight_step, min_quantity, description_en, description_ar, image_url, presets, sort_order) VALUES ('prod-475', 'cat-77', 'Sandwich Kafta Chicken', 'سندويش كفته دجاج', 2.8, 'piece', NULL, 1, '', '', '', '["No garlic","No pickles","No coleslaw","Extra tabasco","Cut in half"]', 13);
INSERT INTO items (id, category_id, name_en, name_ar, price, unit, weight_step, min_quantity, description_en, description_ar, image_url, presets, sort_order) VALUES ('prod-480', 'cat-77', 'Sandwich Makanek', 'سندويش مقانق', 4.19, 'piece', NULL, 1, '', '', '', '["No garlic","No pickles","No coleslaw","Extra tabasco","Cut in half"]', 14);
INSERT INTO items (id, category_id, name_en, name_ar, price, unit, weight_step, min_quantity, description_en, description_ar, image_url, presets, sort_order) VALUES ('prod-537', 'cat-77', 'Hamburger', 'همبرغر', 4.47, 'piece', NULL, 1, '', '', '', '["No garlic","No pickles","No coleslaw","Extra tabasco","Cut in half"]', 15);
INSERT INTO items (id, category_id, name_en, name_ar, price, unit, weight_step, min_quantity, description_en, description_ar, image_url, presets, sort_order) VALUES ('prod-454', 'cat-100', 'Plate Escalope', 'صحن اسكلوب', 7.82, 'kg', 0.1, 1, '', '', '', '["Extra garlic","Extra pickles","No coleslaw","No fries","Add tabasco"]', 0);
INSERT INTO items (id, category_id, name_en, name_ar, price, unit, weight_step, min_quantity, description_en, description_ar, image_url, presets, sort_order) VALUES ('prod-565', 'cat-100', 'Plate Orfali', 'صحن اورفلي', 8.38, 'kg', 0.1, 1, '', '', '', '["Extra garlic","Extra pickles","No coleslaw","No fries","Add tabasco"]', 1);
INSERT INTO items (id, category_id, name_en, name_ar, price, unit, weight_step, min_quantity, description_en, description_ar, image_url, presets, sort_order) VALUES ('prod-566', 'cat-100', 'Plate Khashkhash', 'صحن خشخاش', 7.78, 'kg', 0.1, 1, '', '', '', '["Extra garlic","Extra pickles","No coleslaw","No fries","Add tabasco"]', 2);
INSERT INTO items (id, category_id, name_en, name_ar, price, unit, weight_step, min_quantity, description_en, description_ar, image_url, presets, sort_order) VALUES ('prod-534', 'cat-100', 'Plate Cubes Strips', 'صحن شقف فتايل', 12.85, 'piece', NULL, 1, '', '', '', '["Extra garlic","Extra pickles","No coleslaw","No fries","Add tabasco"]', 3);
INSERT INTO items (id, category_id, name_en, name_ar, price, unit, weight_step, min_quantity, description_en, description_ar, image_url, presets, sort_order) VALUES ('prod-535', 'cat-100', 'Plate Tawook', 'صحن طاووق', 7.83, 'piece', NULL, 1, '', '', '', '["Extra garlic","Extra pickles","No coleslaw","No fries","Add tabasco"]', 4);
INSERT INTO items (id, category_id, name_en, name_ar, price, unit, weight_step, min_quantity, description_en, description_ar, image_url, presets, sort_order) VALUES ('prod-549', 'cat-100', 'Plate Crispy', 'صحن كريسبي', 7.82, 'kg', 0.1, 1, '', '', '', '["Extra garlic","Extra pickles","No coleslaw","No fries","Add tabasco"]', 5);
INSERT INTO items (id, category_id, name_en, name_ar, price, unit, weight_step, min_quantity, description_en, description_ar, image_url, presets, sort_order) VALUES ('prod-536', 'cat-100', 'Plate Kafta', 'صحن كفته', 8.38, 'piece', NULL, 1, '', '', '', '["Extra garlic","Extra pickles","No coleslaw","No fries","Add tabasco"]', 6);
INSERT INTO items (id, category_id, name_en, name_ar, price, unit, weight_step, min_quantity, description_en, description_ar, image_url, presets, sort_order) VALUES ('prod-541', 'cat-100', 'Mixed Plate', 'صحن مشكل', 11.39, 'piece', NULL, 1, '', '', '', '["Extra garlic","Extra pickles","No coleslaw","No fries","Add tabasco"]', 7);
INSERT INTO items (id, category_id, name_en, name_ar, price, unit, weight_step, min_quantity, description_en, description_ar, image_url, presets, sort_order) VALUES ('prod-552', 'cat-100', 'Plate Hamburger', 'صحن همبرغر', 8.33, 'piece', NULL, 1, '', '', '', '["Extra garlic","Extra pickles","No coleslaw","No fries","Add tabasco"]', 8);
INSERT INTO items (id, category_id, name_en, name_ar, price, unit, weight_step, min_quantity, description_en, description_ar, image_url, presets, sort_order) VALUES ('prod-410', 'cat-261', 'Sfiha Baalbekiyeh', 'سفيحة بعلبكية', 30.17, 'kg', 0.1, 0, '', '', '', '[]', 0);
INSERT INTO items (id, category_id, name_en, name_ar, price, unit, weight_step, min_quantity, description_en, description_ar, image_url, presets, sort_order) VALUES ('prod-693', 'cat-261', 'Lahm b Aajin Shamiyeh', 'لحم بعجين شاميه', 30.17, 'kg', 0.1, 0, '', '', '', '[]', 1);
INSERT INTO items (id, category_id, name_en, name_ar, price, unit, weight_step, min_quantity, description_en, description_ar, image_url, presets, sort_order) VALUES ('prod-694', 'cat-261', 'Lahm b Aajin Beirutiyeh', 'لحم بعجين بيروتيه', 35.76, 'kg', 0.1, 0, '', '', '', '[]', 2);
INSERT INTO items (id, category_id, name_en, name_ar, price, unit, weight_step, min_quantity, description_en, description_ar, image_url, presets, sort_order) VALUES ('prod-605', 'cat-38', 'Escalope Chicken', 'اسكلوب دجاج', 11, 'kg', 0.1, 0, '', '', '', '[]', 0);
INSERT INTO items (id, category_id, name_en, name_ar, price, unit, weight_step, min_quantity, description_en, description_ar, image_url, presets, sort_order) VALUES ('prod-349', 'cat-38', 'Wings', 'جوانح', 3.5, 'kg', 0.1, 0, '', '', '', '[]', 1);
INSERT INTO items (id, category_id, name_en, name_ar, price, unit, weight_step, min_quantity, description_en, description_ar, image_url, presets, sort_order) VALUES ('prod-450', 'cat-38', 'Wings Marinated', 'جوانح متبله', 4, 'kg', 0.1, 0, '', '', '', '[]', 2);
INSERT INTO items (id, category_id, name_en, name_ar, price, unit, weight_step, min_quantity, description_en, description_ar, image_url, presets, sort_order) VALUES ('prod-372', 'cat-38', 'Drumstick', 'دبوس', 7, 'kg', 0.1, 0, '', '', '', '[]', 3);
INSERT INTO items (id, category_id, name_en, name_ar, price, unit, weight_step, min_quantity, description_en, description_ar, image_url, presets, sort_order) VALUES ('prod-337', 'cat-38', 'Stroganoff Chicken', 'سترغنوف دجاج', 13.5, 'kg', 0.1, 0, '', '', '', '[]', 4);
INSERT INTO items (id, category_id, name_en, name_ar, price, unit, weight_step, min_quantity, description_en, description_ar, image_url, presets, sort_order) VALUES ('prod-351', 'cat-38', 'Liver Chicken', 'سوده دجاج', 6, 'kg', 0.1, 0, '', '', '', '[]', 5);
INSERT INTO items (id, category_id, name_en, name_ar, price, unit, weight_step, min_quantity, description_en, description_ar, image_url, presets, sort_order) VALUES ('prod-360', 'cat-38', 'Shawarma Chicken', 'شاورما دجاج', 11, 'kg', 0.1, 0, '', '', '', '[]', 6);
INSERT INTO items (id, category_id, name_en, name_ar, price, unit, weight_step, min_quantity, description_en, description_ar, image_url, presets, sort_order) VALUES ('prod-340', 'cat-38', 'Breast Chicken Bone-in', 'صدر دجاج بعضمه', 10.5, 'kg', 0.1, 0, '', '', '', '[]', 7);
INSERT INTO items (id, category_id, name_en, name_ar, price, unit, weight_step, min_quantity, description_en, description_ar, image_url, presets, sort_order) VALUES ('prod-342', 'cat-38', 'Breast Chicken Boneless', 'صدر دجاج مسحب', 13.5, 'kg', 0.1, 0, '', '', '', '[]', 8);
INSERT INTO items (id, category_id, name_en, name_ar, price, unit, weight_step, min_quantity, description_en, description_ar, image_url, presets, sort_order) VALUES ('prod-344', 'cat-38', 'Tawook', 'طاووق', 11, 'kg', 0.1, 0, '', '', '', '[]', 9);
INSERT INTO items (id, category_id, name_en, name_ar, price, unit, weight_step, min_quantity, description_en, description_ar, image_url, presets, sort_order) VALUES ('prod-435', 'cat-38', 'Fajita', 'فاهيتا', 10, 'kg', 0.1, 0, '', '', '', '[]', 10);
INSERT INTO items (id, category_id, name_en, name_ar, price, unit, weight_step, min_quantity, description_en, description_ar, image_url, presets, sort_order) VALUES ('prod-339', 'cat-38', 'Thigh Chicken Bone-in', 'فخد دجاج بعضمه', 3, 'kg', 0.1, 0, '', '', '', '[]', 11);
INSERT INTO items (id, category_id, name_en, name_ar, price, unit, weight_step, min_quantity, description_en, description_ar, image_url, presets, sort_order) VALUES ('prod-422', 'cat-38', 'Chicken Tanmiya', 'فروج تنميه', 5.25, 'kg', 0.1, 0, '', '', '', '[]', 12);
INSERT INTO items (id, category_id, name_en, name_ar, price, unit, weight_step, min_quantity, description_en, description_ar, image_url, presets, sort_order) VALUES ('prod-336', 'cat-38', 'Chicken Whole', 'فروج كامل', 5, 'kg', 0.1, 0, '', '', '', '[]', 13);
INSERT INTO items (id, category_id, name_en, name_ar, price, unit, weight_step, min_quantity, description_en, description_ar, image_url, presets, sort_order) VALUES ('prod-426', 'cat-38', 'Chicken Moutabal', 'فروج متبل', 7, 'piece', NULL, 0, '', '', '', '[]', 14);
INSERT INTO items (id, category_id, name_en, name_ar, price, unit, weight_step, min_quantity, description_en, description_ar, image_url, presets, sort_order) VALUES ('prod-373', 'cat-38', 'Chicken Boneless', 'فروج مسحب', 11, 'kg', 0.1, 0, '', '', '', '[]', 15);
INSERT INTO items (id, category_id, name_en, name_ar, price, unit, weight_step, min_quantity, description_en, description_ar, image_url, presets, sort_order) VALUES ('prod-346', 'cat-38', 'Kibbeh Chicken', 'كبه دجاج', 15.58, 'kg', 0.1, 0, '', '', '', '[]', 16);
INSERT INTO items (id, category_id, name_en, name_ar, price, unit, weight_step, min_quantity, description_en, description_ar, image_url, presets, sort_order) VALUES ('prod-467', 'cat-38', 'Carton Eggs', 'كرتونة بيض', 5.59, 'piece', NULL, 0, '', '', '', '[]', 17);
INSERT INTO items (id, category_id, name_en, name_ar, price, unit, weight_step, min_quantity, description_en, description_ar, image_url, presets, sort_order) VALUES ('prod-343', 'cat-38', 'Crispy', 'كريسبي', 12, 'kg', 0.1, 0, '', '', '', '[]', 18);
INSERT INTO items (id, category_id, name_en, name_ar, price, unit, weight_step, min_quantity, description_en, description_ar, image_url, presets, sort_order) VALUES ('prod-350', 'cat-38', 'Kafta Chicken', 'كفته دجاج', 11, 'kg', 0.1, 0, '', '', '', '[]', 19);
INSERT INTO items (id, category_id, name_en, name_ar, price, unit, weight_step, min_quantity, description_en, description_ar, image_url, presets, sort_order) VALUES ('prod-348', 'cat-38', 'Nuggets', 'ناغتس', 8, 'kg', 0.1, 0, '', '', '', '[]', 20);
INSERT INTO items (id, category_id, name_en, name_ar, price, unit, weight_step, min_quantity, description_en, description_ar, image_url, presets, sort_order) VALUES ('prod-503', 'cat-66', 'Discs Kibbeh Beef', 'اقراص كبة بقر', 7.82, 'piece', NULL, 1, '', '', '', '["Ready to fry","Ready to bake","Family pack"]', 0);
INSERT INTO items (id, category_id, name_en, name_ar, price, unit, weight_step, min_quantity, description_en, description_ar, image_url, presets, sort_order) VALUES ('prod-512', 'cat-66', 'Ruqaqat with Cheese', 'رقاقات بجبنه', 5.59, 'piece', NULL, 1, '', '', '', '["Ready to fry","Ready to bake","Family pack"]', 1);
INSERT INTO items (id, category_id, name_en, name_ar, price, unit, weight_step, min_quantity, description_en, description_ar, image_url, presets, sort_order) VALUES ('prod-524', 'cat-66', 'Sambousek Meat', 'سمبوسك لحمه', 6.67, 'piece', NULL, 1, '', '', '', '["Ready to fry","Ready to bake","Family pack"]', 2);
INSERT INTO items (id, category_id, name_en, name_ar, price, unit, weight_step, min_quantity, description_en, description_ar, image_url, presets, sort_order) VALUES ('prod-515', 'cat-66', 'Shish Barak', 'شيشبرك', 6.71, 'piece', NULL, 1, '', '', '', '["Ready to fry","Ready to bake","Family pack"]', 3);
INSERT INTO items (id, category_id, name_en, name_ar, price, unit, weight_step, min_quantity, description_en, description_ar, image_url, presets, sort_order) VALUES ('prod-509', 'cat-66', 'Tray Kibbeh Small', 'صنية كبة صغيره', 7.82, 'piece', NULL, 1, '', '', '', '["Ready to fry","Ready to bake","Family pack"]', 4);
INSERT INTO items (id, category_id, name_en, name_ar, price, unit, weight_step, min_quantity, description_en, description_ar, image_url, presets, sort_order) VALUES ('prod-497', 'cat-66', 'Tray Kibbeh Large', 'صنية كبه كبيره', 13.41, 'piece', NULL, 1, '', '', '', '["Ready to fry","Ready to bake","Family pack"]', 5);
INSERT INTO items (id, category_id, name_en, name_ar, price, unit, weight_step, min_quantity, description_en, description_ar, image_url, presets, sort_order) VALUES ('prod-532', 'cat-260', 'Kibbeh Fried', 'كبة مقلية', 10.06, 'piece', NULL, 1, '', '', '', '[]', 0);
INSERT INTO items (id, category_id, name_en, name_ar, price, unit, weight_step, min_quantity, description_en, description_ar, image_url, presets, sort_order) VALUES ('prod-528', 'cat-260', 'Cheese Rolls', 'رقاقات جبنة', 7.82, 'piece', NULL, 1, '', '', '', '[]', 1);
INSERT INTO items (id, category_id, name_en, name_ar, price, unit, weight_step, min_quantity, description_en, description_ar, image_url, presets, sort_order) VALUES ('prod-564', 'cat-260', 'Sambusek', 'سمبوسك', 7.78, 'piece', NULL, 1, '', '', '', '[]', 2);
INSERT INTO items (id, category_id, name_en, name_ar, price, unit, weight_step, min_quantity, description_en, description_ar, image_url, presets, sort_order) VALUES ('prod-494', 'cat-260', 'Fries', 'بطاطا', 4.47, 'piece', NULL, 1, '', '', '', '[]', 3);
INSERT INTO items (id, category_id, name_en, name_ar, price, unit, weight_step, min_quantity, description_en, description_ar, image_url, presets, sort_order) VALUES ('prod-490', 'cat-260', 'Hummus', 'حمص', 3.91, 'piece', NULL, 1, '', '', '', '[]', 4);
INSERT INTO items (id, category_id, name_en, name_ar, price, unit, weight_step, min_quantity, description_en, description_ar, image_url, presets, sort_order) VALUES ('prod-492', 'cat-260', 'Moutabal', 'متبل', 4.47, 'piece', NULL, 1, '', '', '', '[]', 5);
INSERT INTO items (id, category_id, name_en, name_ar, price, unit, weight_step, min_quantity, description_en, description_ar, image_url, presets, sort_order) VALUES ('prod-554', 'cat-260', 'Bread Free', 'خبز حر', 1.68, 'piece', NULL, 1, '', '', '', '[]', 6);
INSERT INTO items (id, category_id, name_en, name_ar, price, unit, weight_step, min_quantity, description_en, description_ar, image_url, presets, sort_order) VALUES ('prod-557', 'cat-260', 'Potato Grilled', 'بطاطا مشويه', 4.47, 'piece', NULL, 1, '', '', '', '[]', 7);
INSERT INTO items (id, category_id, name_en, name_ar, price, unit, weight_step, min_quantity, description_en, description_ar, image_url, presets, sort_order) VALUES ('prod-531', 'cat-260', 'Tabbouleh', 'تبوله', 5.03, 'piece', NULL, 1, '', '', '/images/Plate Tabbouleh.jpeg', '[]', 8);
INSERT INTO items (id, category_id, name_en, name_ar, price, unit, weight_step, min_quantity, description_en, description_ar, image_url, presets, sort_order) VALUES ('prod-533', 'cat-260', 'Fattoush', 'فتوش', 4.47, 'piece', NULL, 1, '', '', '/images/Plate Fattoush.jpeg', '[]', 9);
INSERT INTO items (id, category_id, name_en, name_ar, price, unit, weight_step, min_quantity, description_en, description_ar, image_url, presets, sort_order) VALUES ('prod-405', 'cat-260', 'Garlic', 'ثوم', 0.56, 'piece', NULL, 1, '', '', '', '[]', 10);
INSERT INTO items (id, category_id, name_en, name_ar, price, unit, weight_step, min_quantity, description_en, description_ar, image_url, presets, sort_order) VALUES ('prod-527', 'cat-260', 'Coleslaw', 'سلطة ملفوف', 1.4, 'piece', NULL, 1, '', '', '', '[]', 11);
INSERT INTO items (id, category_id, name_en, name_ar, price, unit, weight_step, min_quantity, description_en, description_ar, image_url, presets, sort_order) VALUES ('prod-567', 'cat-260', 'Pickles', 'كبيس', 1.12, 'piece', NULL, 1, '', '', '', '[]', 12);
INSERT INTO items (id, category_id, name_en, name_ar, price, unit, weight_step, min_quantity, description_en, description_ar, image_url, presets, sort_order) VALUES ('prod-382', 'cat-156', 'Neck Lamb', 'رقبة غنم', 23, 'kg', 0.1, 0, '', '', '', '[]', 0);
INSERT INTO items (id, category_id, name_en, name_ar, price, unit, weight_step, min_quantity, description_en, description_ar, image_url, presets, sort_order) VALUES ('prod-433', 'cat-156', 'Neck Lamb Bone-in', 'رقبة غنم بعضمه', 17, 'kg', 0.1, 0, '', '', '', '[]', 1);
INSERT INTO items (id, category_id, name_en, name_ar, price, unit, weight_step, min_quantity, description_en, description_ar, image_url, presets, sort_order) VALUES ('prod-374', 'cat-156', 'Rib Lamb', 'زور غنم', 16, 'kg', 0.1, 0, '', '', '', '[]', 2);
INSERT INTO items (id, category_id, name_en, name_ar, price, unit, weight_step, min_quantity, description_en, description_ar, image_url, presets, sort_order) VALUES ('prod-332', 'cat-156', 'Liver Lamb', 'سوده غنم', 30, 'kg', 0.1, 0, '', '', '', '[]', 3);
INSERT INTO items (id, category_id, name_en, name_ar, price, unit, weight_step, min_quantity, description_en, description_ar, image_url, presets, sort_order) VALUES ('prod-320', 'cat-156', 'Cubes Lamb', 'شقف غنم', 26, 'kg', 0.1, 0, '', '', '', '[]', 4);
INSERT INTO items (id, category_id, name_en, name_ar, price, unit, weight_step, min_quantity, description_en, description_ar, image_url, presets, sort_order) VALUES ('prod-319', 'cat-156', 'Cutlet', 'فتايل', 38, 'kg', 0.1, 0, '', '', '', '[]', 5);
INSERT INTO items (id, category_id, name_en, name_ar, price, unit, weight_step, min_quantity, description_en, description_ar, image_url, presets, sort_order) VALUES ('prod-330', 'cat-156', 'Thigh Lamb Bone-in', 'فخد غنم بعضمه', 23, 'kg', 0.1, 0, '', '', '', '[]', 6);
INSERT INTO items (id, category_id, name_en, name_ar, price, unit, weight_step, min_quantity, description_en, description_ar, image_url, presets, sort_order) VALUES ('prod-322', 'cat-156', 'Kibbeh Lamb', 'كبه غنم مع برغل', 29, 'kg', 0.1, 0, '', '', '', '[]', 7);
INSERT INTO items (id, category_id, name_en, name_ar, price, unit, weight_step, min_quantity, description_en, description_ar, image_url, presets, sort_order) VALUES ('prod-328', 'cat-156', 'Shoulder Lamb Bone-in', 'كتف غنم بعضمه', 20, 'kg', 0.1, 0, '', '', '', '[]', 8);
INSERT INTO items (id, category_id, name_en, name_ar, price, unit, weight_step, min_quantity, description_en, description_ar, image_url, presets, sort_order) VALUES ('prod-318', 'cat-156', 'Cutlets Lamb', 'كستلاته غنم', 25, 'kg', 0.1, 0, '', '', '', '[]', 9);
INSERT INTO items (id, category_id, name_en, name_ar, price, unit, weight_step, min_quantity, description_en, description_ar, image_url, presets, sort_order) VALUES ('prod-323', 'cat-156', 'Kafta Lamb', 'كفته غنم', 23, 'kg', 0.1, 0, '', '', '', '[]', 10);
INSERT INTO items (id, category_id, name_en, name_ar, price, unit, weight_step, min_quantity, description_en, description_ar, image_url, presets, sort_order) VALUES ('prod-361', 'cat-156', 'Meat Lamb', 'لحم غنم', 23, 'kg', 0.1, 0, '', '', '', '[]', 11);
INSERT INTO items (id, category_id, name_en, name_ar, price, unit, weight_step, min_quantity, description_en, description_ar, image_url, presets, sort_order) VALUES ('prod-352', 'cat-156', 'Leg Lamb', 'لعبة غنم', 27, 'kg', 0.1, 0, '', '', '', '[]', 12);
INSERT INTO items (id, category_id, name_en, name_ar, price, unit, weight_step, min_quantity, description_en, description_ar, image_url, presets, sort_order) VALUES ('prod-321', 'cat-156', 'Pounded Lamb', 'مدقوقه غنم', 26, 'kg', 0.1, 0, '', '', '', '[]', 13);
INSERT INTO items (id, category_id, name_en, name_ar, price, unit, weight_step, min_quantity, description_en, description_ar, image_url, presets, sort_order) VALUES ('prod-429', 'cat-211', 'Dawood Basha Lamb and Veal', 'داوود باشا غنم وعجل', 22, 'kg', 0.1, 0, '', '', '', '[]', 0);
INSERT INTO items (id, category_id, name_en, name_ar, price, unit, weight_step, min_quantity, description_en, description_ar, image_url, presets, sort_order) VALUES ('prod-398', 'cat-211', 'Oxtail Veal', 'عصعوص عجل', 14, 'kg', 0.1, 0, '', '', '', '[]', 1);
INSERT INTO items (id, category_id, name_en, name_ar, price, unit, weight_step, min_quantity, description_en, description_ar, image_url, presets, sort_order) VALUES ('prod-464', 'cat-211', 'Fwerigh', 'فارغ', 6.7, 'piece', NULL, 0, '', '', '', '[]', 2);
INSERT INTO items (id, category_id, name_en, name_ar, price, unit, weight_step, min_quantity, description_en, description_ar, image_url, presets, sort_order) VALUES ('prod-465', 'cat-211', 'Qubawat', 'قبوات', 2.24, 'piece', NULL, 0, '', '', '', '[]', 3);
INSERT INTO items (id, category_id, name_en, name_ar, price, unit, weight_step, min_quantity, description_en, description_ar, image_url, presets, sort_order) VALUES ('prod-368', 'cat-211', 'Kibbeh Lamb and Veal', 'كبه مع برغل غنم وعجل', 25, 'kg', 0.1, 0, '', '', '', '[]', 4);
INSERT INTO items (id, category_id, name_en, name_ar, price, unit, weight_step, min_quantity, description_en, description_ar, image_url, presets, sort_order) VALUES ('prod-369', 'cat-211', 'Kafta Lamb and Veal', 'كفته غنم وعجل', 20, 'kg', 0.1, 0, '', '', '', '[]', 5);
INSERT INTO items (id, category_id, name_en, name_ar, price, unit, weight_step, min_quantity, description_en, description_ar, image_url, presets, sort_order) VALUES ('prod-463', 'cat-211', 'Tongue Lamb', 'لسان غنم', 6.71, 'piece', NULL, 0, '', '', '', '[]', 6);
INSERT INTO items (id, category_id, name_en, name_ar, price, unit, weight_step, min_quantity, description_en, description_ar, image_url, presets, sort_order) VALUES ('prod-384', 'cat-211', 'Pounded Lamb and Veal', 'مدقوقه غنم وعجل', 22, 'kg', 0.1, 0, '', '', '', '[]', 7);
INSERT INTO items (id, category_id, name_en, name_ar, price, unit, weight_step, min_quantity, description_en, description_ar, image_url, presets, sort_order) VALUES ('prod-381', 'cat-211', 'Minced Lamb and Veal', 'مفرومه غنم وعجل', 20, 'kg', 0.1, 0, '', '', '', '[]', 8);
INSERT INTO items (id, category_id, name_en, name_ar, price, unit, weight_step, min_quantity, description_en, description_ar, image_url, presets, sort_order) VALUES ('prod-511', 'cat-211', 'Makadem', 'مقادم', 2.79, 'piece', NULL, 0, '', '', '', '[]', 9);
INSERT INTO items (id, category_id, name_en, name_ar, price, unit, weight_step, min_quantity, description_en, description_ar, image_url, presets, sort_order) VALUES ('prod-416', 'cat-211', 'Makanek Lamb and Veal', 'مقانق غنم وعجل', 21, 'kg', 0.1, 0, '', '', '', '[]', 10);
INSERT INTO items (id, category_id, name_en, name_ar, price, unit, weight_step, min_quantity, description_en, description_ar, image_url, presets, sort_order) VALUES ('prod-462', 'cat-211', 'Marrow Lamb', 'نخاع غنم', 3.75, 'piece', NULL, 0, '', '', '', '[]', 11);
INSERT INTO items (id, category_id, name_en, name_ar, price, unit, weight_step, min_quantity, description_en, description_ar, image_url, presets, sort_order) VALUES ('prod-431', 'cat-211', 'Hamburger Lamb and Veal', 'همبرغر غنم وعجل', 20, 'piece', NULL, 0, '', '', '', '[]', 12);
INSERT INTO items (id, category_id, name_en, name_ar, price, unit, weight_step, min_quantity, description_en, description_ar, image_url, presets, sort_order) VALUES ('prod-448', 'cat-114', 'Escalope Meat', 'اسكلوب لحمه', 19, 'kg', 0.1, 0, '', '', '', '[]', 0);
INSERT INTO items (id, category_id, name_en, name_ar, price, unit, weight_step, min_quantity, description_en, description_ar, image_url, presets, sort_order) VALUES ('prod-300', 'cat-114', 'Escalope Meat Fillet', 'اسكلوب لحمه فييل', 32, 'kg', 0.1, 0, '', '', '', '[]', 1);
INSERT INTO items (id, category_id, name_en, name_ar, price, unit, weight_step, min_quantity, description_en, description_ar, image_url, presets, sort_order) VALUES ('prod-376', 'cat-114', 'Entrecote', 'انتركوت', 19, 'kg', 0.1, 0, '', '', '', '[]', 2);
INSERT INTO items (id, category_id, name_en, name_ar, price, unit, weight_step, min_quantity, description_en, description_ar, image_url, presets, sort_order) VALUES ('prod-301', 'cat-114', 'Beef Steak Beef', 'بفتاك بقر', 19, 'kg', 0.1, 0, '', '', '', '[]', 3);
INSERT INTO items (id, category_id, name_en, name_ar, price, unit, weight_step, min_quantity, description_en, description_ar, image_url, presets, sort_order) VALUES ('prod-307', 'cat-114', 'Beef Steak Fillet', 'بفتاك فيليه', 32, 'kg', 0.1, 0, '', '', '', '[]', 4);
INSERT INTO items (id, category_id, name_en, name_ar, price, unit, weight_step, min_quantity, description_en, description_ar, image_url, presets, sort_order) VALUES ('prod-575', 'cat-114', 'Parsley Extra', 'بقدونس زياده', 0, 'kg', 0.1, 0, '', '', '', '[]', 5);
INSERT INTO items (id, category_id, name_en, name_ar, price, unit, weight_step, min_quantity, description_en, description_ar, image_url, presets, sort_order) VALUES ('prod-437', 'cat-114', 'Beiruti Veal', 'بيروتيه عجل', 31.28, 'kg', 0.1, 0, '', '', '', '[]', 6);
INSERT INTO items (id, category_id, name_en, name_ar, price, unit, weight_step, min_quantity, description_en, description_ar, image_url, presets, sort_order) VALUES ('prod-316', 'cat-114', 'Dawood Basha', 'داوودباشا', 17, 'kg', 0.1, 0, '', '', '', '[]', 7);
INSERT INTO items (id, category_id, name_en, name_ar, price, unit, weight_step, min_quantity, description_en, description_ar, image_url, presets, sort_order) VALUES ('prod-306', 'cat-114', 'Roasto', 'روستو', 16, 'kg', 0.1, 0, '', '', '', '[]', 8);
INSERT INTO items (id, category_id, name_en, name_ar, price, unit, weight_step, min_quantity, description_en, description_ar, image_url, presets, sort_order) VALUES ('prod-406', 'cat-114', 'Rib Beef', 'زور بقر', 13.3, 'kg', 0.1, 0, '', '', '', '[]', 9);
INSERT INTO items (id, category_id, name_en, name_ar, price, unit, weight_step, min_quantity, description_en, description_ar, image_url, presets, sort_order) VALUES ('prod-312', 'cat-114', 'Stroganoff Beef', 'سترغنوف بقر', 19, 'kg', 0.1, 0, '', '', '', '[]', 10);
INSERT INTO items (id, category_id, name_en, name_ar, price, unit, weight_step, min_quantity, description_en, description_ar, image_url, presets, sort_order) VALUES ('prod-297', 'cat-114', 'Stroganoff Fillet', 'سترغنوف فيليه', 32, 'kg', 0.1, 0, '', '', '', '[]', 11);
INSERT INTO items (id, category_id, name_en, name_ar, price, unit, weight_step, min_quantity, description_en, description_ar, image_url, presets, sort_order) VALUES ('prod-305', 'cat-114', 'Sujuk', 'سجق', 15, 'kg', 0.1, 0, '', '', '', '[]', 12);
INSERT INTO items (id, category_id, name_en, name_ar, price, unit, weight_step, min_quantity, description_en, description_ar, image_url, presets, sort_order) VALUES ('prod-424', 'cat-114', 'Liver Beef', 'سوده بقر', 20, 'piece', NULL, 0, '', '', '', '[]', 13);
INSERT INTO items (id, category_id, name_en, name_ar, price, unit, weight_step, min_quantity, description_en, description_ar, image_url, presets, sort_order) VALUES ('prod-414', 'cat-114', 'Shamiyeh Veal', 'شاميه عجل', 25.7, 'kg', 0.1, 0, '', '', '', '[]', 14);
INSERT INTO items (id, category_id, name_en, name_ar, price, unit, weight_step, min_quantity, description_en, description_ar, image_url, presets, sort_order) VALUES ('prod-313', 'cat-114', 'Shawarma Meat', 'شاورما لحمه', 17, 'kg', 0.1, 0, '', '', '', '[]', 15);
INSERT INTO items (id, category_id, name_en, name_ar, price, unit, weight_step, min_quantity, description_en, description_ar, image_url, presets, sort_order) VALUES ('prod-302', 'cat-114', 'Cubes Veal', 'شقف عجل', 16, 'kg', 0.1, 0, '', '', '', '[]', 16);
INSERT INTO items (id, category_id, name_en, name_ar, price, unit, weight_step, min_quantity, description_en, description_ar, image_url, presets, sort_order) VALUES ('prod-690', 'cat-114', 'Tripoli Style Veal', 'طرابلسية عجل', 31.28, 'kg', 0.1, 0, '', '', '', '[]', 17);
INSERT INTO items (id, category_id, name_en, name_ar, price, unit, weight_step, min_quantity, description_en, description_ar, image_url, presets, sort_order) VALUES ('prod-310', 'cat-114', 'Faux Fillet', 'فوفيليه', 19, 'kg', 0.1, 0, '', '', '', '[]', 18);
INSERT INTO items (id, category_id, name_en, name_ar, price, unit, weight_step, min_quantity, description_en, description_ar, image_url, presets, sort_order) VALUES ('prod-317', 'cat-114', 'Fillet', 'فيليه', 32, 'kg', 0.1, 0, '', '', '', '[]', 19);
INSERT INTO items (id, category_id, name_en, name_ar, price, unit, weight_step, min_quantity, description_en, description_ar, image_url, presets, sort_order) VALUES ('prod-430', 'cat-114', 'Fillet Baladi', 'فيليه بلدي', 36, 'kg', 0.1, 0, '', '', '', '[]', 20);
INSERT INTO items (id, category_id, name_en, name_ar, price, unit, weight_step, min_quantity, description_en, description_ar, image_url, presets, sort_order) VALUES ('prod-309', 'cat-114', 'Kibbeh Veal with Bulgur', 'كبه عجل مع برغل', 20, 'kg', 0.1, 0, '', '', '', '[]', 21);
INSERT INTO items (id, category_id, name_en, name_ar, price, unit, weight_step, min_quantity, description_en, description_ar, image_url, presets, sort_order) VALUES ('prod-308', 'cat-114', 'Kafta Beef', 'كفته بقر', 15, 'kg', 0.1, 0, '', '', '', '[]', 22);
INSERT INTO items (id, category_id, name_en, name_ar, price, unit, weight_step, min_quantity, description_en, description_ar, image_url, presets, sort_order) VALUES ('prod-413', 'cat-114', 'Meat Veal', 'لحم عجل', 16, 'kg', 0.1, 0, '', '', '', '[]', 23);
INSERT INTO items (id, category_id, name_en, name_ar, price, unit, weight_step, min_quantity, description_en, description_ar, image_url, presets, sort_order) VALUES ('prod-298', 'cat-114', 'Pounded Beef', 'مدقوقة بقر', 17, 'kg', 0.1, 0, '', '', '', '[]', 24);
INSERT INTO items (id, category_id, name_en, name_ar, price, unit, weight_step, min_quantity, description_en, description_ar, image_url, presets, sort_order) VALUES ('prod-299', 'cat-114', 'Minced Beef', 'مفرومه بقر', 15, 'kg', 0.1, 0, '', '', '', '[]', 25);
INSERT INTO items (id, category_id, name_en, name_ar, price, unit, weight_step, min_quantity, description_en, description_ar, image_url, presets, sort_order) VALUES ('prod-314', 'cat-114', 'Minced Veal Lean Meat', 'مفرومه عجل هبره', 15, 'kg', 0.1, 0, '', '', '', '[]', 26);
INSERT INTO items (id, category_id, name_en, name_ar, price, unit, weight_step, min_quantity, description_en, description_ar, image_url, presets, sort_order) VALUES ('prod-304', 'cat-114', 'Makanek', 'مقانق', 15, 'kg', 0.1, 0, '', '', '', '[]', 27);
INSERT INTO items (id, category_id, name_en, name_ar, price, unit, weight_step, min_quantity, description_en, description_ar, image_url, presets, sort_order) VALUES ('prod-315', 'cat-114', 'Shanks Beef', 'موزات بقر', 16, 'kg', 0.1, 0, '', '', '', '[]', 28);
INSERT INTO items (id, category_id, name_en, name_ar, price, unit, weight_step, min_quantity, description_en, description_ar, image_url, presets, sort_order) VALUES ('prod-379', 'cat-114', 'Lean Meat Beef', 'هبره بقر', 16, 'kg', 0.1, 0, '', '', '', '[]', 29);
INSERT INTO items (id, category_id, name_en, name_ar, price, unit, weight_step, min_quantity, description_en, description_ar, image_url, presets, sort_order) VALUES ('prod-303', 'cat-114', 'Hamburger', 'همبرغر', 15, 'kg', 0.1, 0, '', '', '', '[]', 30);
INSERT INTO items (id, category_id, name_en, name_ar, price, unit, weight_step, min_quantity, description_en, description_ar, image_url, presets, sort_order) VALUES ('prod-442', 'cat-150', 'Beef Steak White', '.بفتاك ابيض', 38, 'kg', 0.1, 0, '', '', '', '[]', 0);
INSERT INTO items (id, category_id, name_en, name_ar, price, unit, weight_step, min_quantity, description_en, description_ar, image_url, presets, sort_order) VALUES ('prod-674', 'cat-150', 'Meat Veal White', '.لحم عجل ابيض', 38, 'kg', 0.1, 0, '', '', '', '[]', 1);
INSERT INTO items (id, category_id, name_en, name_ar, price, unit, weight_step, min_quantity, description_en, description_ar, image_url, presets, sort_order) VALUES ('prod-383', 'cat-150', 'Beef Steak White', 'بفتاك ابيض', 38, 'kg', 0.1, 0, '', '', '', '[]', 2);
INSERT INTO items (id, category_id, name_en, name_ar, price, unit, weight_step, min_quantity, description_en, description_ar, image_url, presets, sort_order) VALUES ('prod-391', 'cat-150', 'Meat Veal White', 'لحم عجل ابيض', 38, 'kg', 0.1, 0, '', '', '', '[]', 3);
INSERT INTO items (id, category_id, name_en, name_ar, price, unit, weight_step, min_quantity, description_en, description_ar, image_url, presets, sort_order) VALUES ('prod-695', 'cat-184', 'Meat Qarqour', '.لحم قرقور', 28, 'kg', 0.1, 0, '', '', '', '[]', 0);
INSERT INTO items (id, category_id, name_en, name_ar, price, unit, weight_step, min_quantity, description_en, description_ar, image_url, presets, sort_order) VALUES ('prod-389', 'cat-184', 'Cubes Qarqour', 'شقف قرقور', 28, 'kg', 0.1, 0, '', '', '', '[]', 1);
INSERT INTO items (id, category_id, name_en, name_ar, price, unit, weight_step, min_quantity, description_en, description_ar, image_url, presets, sort_order) VALUES ('prod-392', 'cat-184', 'Thigh Qarqour Bone-in', 'فخد قرقور بعضمه', 24, 'kg', 0.1, 0, '', '', '', '[]', 2);
INSERT INTO items (id, category_id, name_en, name_ar, price, unit, weight_step, min_quantity, description_en, description_ar, image_url, presets, sort_order) VALUES ('prod-386', 'cat-184', 'Cutlets Qarqour', 'كستلاته قرقور', 30, 'kg', 0.1, 0, '', '', '', '[]', 3);
INSERT INTO items (id, category_id, name_en, name_ar, price, unit, weight_step, min_quantity, description_en, description_ar, image_url, presets, sort_order) VALUES ('prod-378', 'cat-184', 'Meat Qarqour', 'لحم قرقور', 28, 'kg', 0.1, 0, '', '', '', '[]', 4);
INSERT INTO items (id, category_id, name_en, name_ar, price, unit, weight_step, min_quantity, description_en, description_ar, image_url, presets, sort_order) VALUES ('prod-387', 'cat-184', 'Minced Qarqour', 'مفرومه قرقور', 28, 'kg', 0.1, 0, '', '', '', '[]', 5);
INSERT INTO items (id, category_id, name_en, name_ar, price, unit, weight_step, min_quantity, description_en, description_ar, image_url, presets, sort_order) VALUES ('prod-388', 'cat-184', 'Shanks Qarqour', 'موزات قرقور', 28, 'kg', 0.1, 0, '', '', '', '[]', 6);
INSERT INTO items (id, category_id, name_en, name_ar, price, unit, weight_step, min_quantity, description_en, description_ar, image_url, presets, sort_order) VALUES ('prod-582', 'cat-193', 'Cubes Faux Fillet Skewered', 'شقف فوفيلية مشكوك', 21, 'kg', 0.1, 0, '', '', '', '[]', 0);
INSERT INTO items (id, category_id, name_en, name_ar, price, unit, weight_step, min_quantity, description_en, description_ar, image_url, presets, sort_order) VALUES ('prod-583', 'cat-193', 'Cubes Fillet Skewered', 'شقف فيليه مشكوك', 34, 'kg', 0.1, 0, '', '', '', '[]', 1);
INSERT INTO items (id, category_id, name_en, name_ar, price, unit, weight_step, min_quantity, description_en, description_ar, image_url, presets, sort_order) VALUES ('prod-581', 'cat-193', 'Tawook Skewered', 'طاووق مشكوك', 14, 'kg', 0.1, 0, '', '', '', '[]', 2);
INSERT INTO items (id, category_id, name_en, name_ar, price, unit, weight_step, min_quantity, description_en, description_ar, image_url, presets, sort_order) VALUES ('prod-585', 'cat-193', 'Kafta Beef Skewered', 'كفته بقر مشكوك', 17, 'kg', 0.1, 0, '', '', '', '[]', 3);
INSERT INTO items (id, category_id, name_en, name_ar, price, unit, weight_step, min_quantity, description_en, description_ar, image_url, presets, sort_order) VALUES ('prod-584', 'cat-193', 'Kafta Lamb Skewered', 'كفته غنم مشكوك', 25, 'kg', 0.1, 0, '', '', '', '[]', 4);
INSERT INTO items (id, category_id, name_en, name_ar, price, unit, weight_step, min_quantity, description_en, description_ar, image_url, presets, sort_order) VALUES ('prod-586', 'cat-193', 'Kafta Lamb and Veal Skewered', 'كفته غنم وعجل مشكوك', 22, 'kg', 0.1, 0, '', '', '', '[]', 5);
INSERT INTO items (id, category_id, name_en, name_ar, price, unit, weight_step, min_quantity, description_en, description_ar, image_url, presets, sort_order) VALUES ('prod-589', 'cat-193', 'Kilo Wings Skewered', 'كيلو جوانح مشكوك', 6, 'kg', 0.1, 0, '', '', '', '[]', 6);
INSERT INTO items (id, category_id, name_en, name_ar, price, unit, weight_step, min_quantity, description_en, description_ar, image_url, presets, sort_order) VALUES ('prod-587', 'cat-193', 'Kilo Cubes Strips Skewered', 'كيلو شقف فتايل مشكوك', 40, 'kg', 0.1, 0, '', '', '', '[]', 7);
INSERT INTO items (id, category_id, name_en, name_ar, price, unit, weight_step, min_quantity, description_en, description_ar, image_url, presets, sort_order) VALUES ('prod-588', 'cat-193', 'Kilo Lean Meat Lamb Skewered', 'كيلو هبره غنم مشكوك', 28, 'kg', 0.1, 0, '', '', '', '[]', 8);
INSERT INTO items (id, category_id, name_en, name_ar, price, unit, weight_step, min_quantity, description_en, description_ar, image_url, presets, sort_order) VALUES ('prod-458', 'cat-204', 'Shamiyeh for Ovens', 'شامية للأفران', 8.95, 'kg', 0.1, 0, '', '', '', '[]', 0);
INSERT INTO items (id, category_id, name_en, name_ar, price, unit, weight_step, min_quantity, description_en, description_ar, image_url, presets, sort_order) VALUES ('prod-559', 'cat-204', 'Kafta for Ovens', 'كفته للأفران', 7.27, 'piece', NULL, 0, '', '', '', '[]', 1);
INSERT INTO items (id, category_id, name_en, name_ar, price, unit, weight_step, min_quantity, description_en, description_ar, image_url, presets, sort_order) VALUES ('prod-603', 'cat-204', 'Meat for Pastries', 'لحم للمعجنات', 9.5, 'kg', 0.1, 0, '', '', '', '[]', 2);
INSERT INTO items (id, category_id, name_en, name_ar, price, unit, weight_step, min_quantity, description_en, description_ar, image_url, presets, sort_order) VALUES ('prod-404', 'cat-249', 'Osso Buco', 'اسوبوكو', 15, 'kg', 0.1, 0, '', '', '', '[]', 0);
INSERT INTO items (id, category_id, name_en, name_ar, price, unit, weight_step, min_quantity, description_en, description_ar, image_url, presets, sort_order) VALUES ('prod-418', 'cat-249', 'Neck Goat Bone-in', 'رقبه معزي بعضمه', 26, 'piece', NULL, 0, '', '', '', '[]', 1);
INSERT INTO items (id, category_id, name_en, name_ar, price, unit, weight_step, min_quantity, description_en, description_ar, image_url, presets, sort_order) VALUES ('prod-420', 'cat-249', 'Cubes Goat', 'شقف معزي', 26, 'piece', NULL, 0, '', '', '', '[]', 2);
INSERT INTO items (id, category_id, name_en, name_ar, price, unit, weight_step, min_quantity, description_en, description_ar, image_url, presets, sort_order) VALUES ('prod-529', 'cat-249', 'Kibbeh Goat with Bulgur', 'كبه معزي مع برغل', 28, 'piece', NULL, 0, '', '', '', '[]', 3);
INSERT INTO items (id, category_id, name_en, name_ar, price, unit, weight_step, min_quantity, description_en, description_ar, image_url, presets, sort_order) VALUES ('prod-417', 'cat-249', 'Cutlets Goat', 'كستلاته معزي', 26, 'piece', NULL, 0, '', '', '', '[]', 4);
INSERT INTO items (id, category_id, name_en, name_ar, price, unit, weight_step, min_quantity, description_en, description_ar, image_url, presets, sort_order) VALUES ('prod-421', 'cat-249', 'Kafta Goat', 'كفته معزي', 26, 'piece', NULL, 0, '', '', '', '[]', 5);
INSERT INTO items (id, category_id, name_en, name_ar, price, unit, weight_step, min_quantity, description_en, description_ar, image_url, presets, sort_order) VALUES ('prod-419', 'cat-249', 'Pounded Goat', 'مدقوقه معزي', 27, 'piece', NULL, 0, '', '', '', '[]', 6);
INSERT INTO items (id, category_id, name_en, name_ar, price, unit, weight_step, min_quantity, description_en, description_ar, image_url, presets, sort_order) VALUES ('prod-399', 'cat-249', 'Goat', 'معزي', 26, 'kg', 0.1, 0, '', '', '', '[]', 7);
INSERT INTO items (id, category_id, name_en, name_ar, price, unit, weight_step, min_quantity, description_en, description_ar, image_url, presets, sort_order) VALUES ('prod-425', 'cat-249', 'Minced Goat', 'مفرومه معزي', 26, 'kg', 0.1, 0, '', '', '', '[]', 8);
INSERT INTO items (id, category_id, name_en, name_ar, price, unit, weight_step, min_quantity, description_en, description_ar, image_url, presets, sort_order) VALUES ('prod-499', 'cat-233', 'Pepsi', 'بيبسي تنك', 0.72, 'piece', NULL, 1, '', '', '', '["Very cold","No ice"]', 0);
INSERT INTO items (id, category_id, name_en, name_ar, price, unit, weight_step, min_quantity, description_en, description_ar, image_url, presets, sort_order) VALUES ('prod-498', 'cat-233', 'Diet Pepsi', 'دايت بيبسي', 0.72, 'piece', NULL, 1, '', '', '', '["Very cold","No ice"]', 1);
INSERT INTO items (id, category_id, name_en, name_ar, price, unit, weight_step, min_quantity, description_en, description_ar, image_url, presets, sort_order) VALUES ('prod-520', 'cat-233', 'Diet 7up', 'دايت سفن', 0.72, 'piece', NULL, 1, '', '', '', '["Very cold","No ice"]', 2);
INSERT INTO items (id, category_id, name_en, name_ar, price, unit, weight_step, min_quantity, description_en, description_ar, image_url, presets, sort_order) VALUES ('prod-519', 'cat-233', '7up', 'سفن اب', 0.72, 'piece', NULL, 1, '', '', '', '["Very cold","No ice"]', 3);

-- Item options
INSERT INTO item_options (item_id, name, choices, price_additions, sort_order) VALUES ('prod-434', 'Cooking Level', '["Medium","Well Done","Extra Well Done"]', '{}', 0);
INSERT INTO item_options (item_id, name, choices, price_additions, sort_order) VALUES ('prod-434', 'Garlic Sauce', '["Regular","No Garlic","Extra Garlic"]', '{}', 1);
INSERT INTO item_options (item_id, name, choices, price_additions, sort_order) VALUES ('prod-434', 'Pickles', '["With Pickles","No Pickles","Extra Pickles"]', '{}', 2);
INSERT INTO item_options (item_id, name, choices, price_additions, sort_order) VALUES ('prod-385', 'Cooking Level', '["Medium","Well Done","Extra Well Done"]', '{}', 0);
INSERT INTO item_options (item_id, name, choices, price_additions, sort_order) VALUES ('prod-385', 'Garlic Sauce', '["Regular","No Garlic","Extra Garlic"]', '{}', 1);
INSERT INTO item_options (item_id, name, choices, price_additions, sort_order) VALUES ('prod-385', 'Pickles', '["With Pickles","No Pickles","Extra Pickles"]', '{}', 2);
INSERT INTO item_options (item_id, name, choices, price_additions, sort_order) VALUES ('prod-488', 'Cooking Level', '["Medium","Well Done","Extra Well Done"]', '{}', 0);
INSERT INTO item_options (item_id, name, choices, price_additions, sort_order) VALUES ('prod-488', 'Garlic Sauce', '["Regular","No Garlic","Extra Garlic"]', '{}', 1);
INSERT INTO item_options (item_id, name, choices, price_additions, sort_order) VALUES ('prod-488', 'Pickles', '["With Pickles","No Pickles","Extra Pickles"]', '{}', 2);
INSERT INTO item_options (item_id, name, choices, price_additions, sort_order) VALUES ('prod-397', 'Cooking Level', '["Medium","Well Done","Extra Well Done"]', '{}', 0);
INSERT INTO item_options (item_id, name, choices, price_additions, sort_order) VALUES ('prod-397', 'Garlic Sauce', '["Regular","No Garlic","Extra Garlic"]', '{}', 1);
INSERT INTO item_options (item_id, name, choices, price_additions, sort_order) VALUES ('prod-397', 'Pickles', '["With Pickles","No Pickles","Extra Pickles"]', '{}', 2);
INSERT INTO item_options (item_id, name, choices, price_additions, sort_order) VALUES ('prod-371', 'Cooking Level', '["Medium","Well Done","Extra Well Done"]', '{}', 0);
INSERT INTO item_options (item_id, name, choices, price_additions, sort_order) VALUES ('prod-371', 'Garlic Sauce', '["Regular","No Garlic","Extra Garlic"]', '{}', 1);
INSERT INTO item_options (item_id, name, choices, price_additions, sort_order) VALUES ('prod-371', 'Pickles', '["With Pickles","No Pickles","Extra Pickles"]', '{}', 2);
INSERT INTO item_options (item_id, name, choices, price_additions, sort_order) VALUES ('prod-485', 'Side', '["Fries","Fries + Coleslaw","No Side"]', '{}', 0);
INSERT INTO item_options (item_id, name, choices, price_additions, sort_order) VALUES ('prod-485', 'Garlic Sauce', '["Regular","No Garlic","Extra Garlic"]', '{}', 1);
INSERT INTO item_options (item_id, name, choices, price_additions, sort_order) VALUES ('prod-485', 'Pickles', '["With Pickles","No Pickles","Extra Pickles"]', '{}', 2);
INSERT INTO item_options (item_id, name, choices, price_additions, sort_order) VALUES ('prod-356', 'Cooking Level', '["Medium","Well Done","Extra Well Done"]', '{}', 0);
INSERT INTO item_options (item_id, name, choices, price_additions, sort_order) VALUES ('prod-356', 'Garlic Sauce', '["Regular","No Garlic","Extra Garlic"]', '{}', 1);
INSERT INTO item_options (item_id, name, choices, price_additions, sort_order) VALUES ('prod-356', 'Pickles', '["With Pickles","No Pickles","Extra Pickles"]', '{}', 2);
INSERT INTO item_options (item_id, name, choices, price_additions, sort_order) VALUES ('prod-355', 'Cooking Level', '["Medium","Well Done","Extra Well Done"]', '{}', 0);
INSERT INTO item_options (item_id, name, choices, price_additions, sort_order) VALUES ('prod-355', 'Garlic Sauce', '["Regular","No Garlic","Extra Garlic"]', '{}', 1);
INSERT INTO item_options (item_id, name, choices, price_additions, sort_order) VALUES ('prod-355', 'Pickles', '["With Pickles","No Pickles","Extra Pickles"]', '{}', 2);
INSERT INTO item_options (item_id, name, choices, price_additions, sort_order) VALUES ('prod-513', 'Cooking Level', '["Medium","Well Done","Extra Well Done"]', '{}', 0);
INSERT INTO item_options (item_id, name, choices, price_additions, sort_order) VALUES ('prod-513', 'Garlic Sauce', '["Regular","No Garlic","Extra Garlic"]', '{}', 1);
INSERT INTO item_options (item_id, name, choices, price_additions, sort_order) VALUES ('prod-513', 'Pickles', '["With Pickles","No Pickles","Extra Pickles"]', '{}', 2);
INSERT INTO item_options (item_id, name, choices, price_additions, sort_order) VALUES ('prod-486', 'Cooking Level', '["Medium","Well Done","Extra Well Done"]', '{}', 0);
INSERT INTO item_options (item_id, name, choices, price_additions, sort_order) VALUES ('prod-486', 'Garlic Sauce', '["Regular","No Garlic","Extra Garlic"]', '{}', 1);
INSERT INTO item_options (item_id, name, choices, price_additions, sort_order) VALUES ('prod-486', 'Pickles', '["With Pickles","No Pickles","Extra Pickles"]', '{}', 2);
INSERT INTO item_options (item_id, name, choices, price_additions, sort_order) VALUES ('prod-523', 'Cooking Level', '["Medium","Well Done","Extra Well Done"]', '{}', 0);
INSERT INTO item_options (item_id, name, choices, price_additions, sort_order) VALUES ('prod-523', 'Garlic Sauce', '["Regular","No Garlic","Extra Garlic"]', '{}', 1);
INSERT INTO item_options (item_id, name, choices, price_additions, sort_order) VALUES ('prod-523', 'Pickles', '["With Pickles","No Pickles","Extra Pickles"]', '{}', 2);
INSERT INTO item_options (item_id, name, choices, price_additions, sort_order) VALUES ('prod-522', 'Cooking Level', '["Medium","Well Done","Extra Well Done"]', '{}', 0);
INSERT INTO item_options (item_id, name, choices, price_additions, sort_order) VALUES ('prod-522', 'Garlic Sauce', '["Regular","No Garlic","Extra Garlic"]', '{}', 1);
INSERT INTO item_options (item_id, name, choices, price_additions, sort_order) VALUES ('prod-522', 'Pickles', '["With Pickles","No Pickles","Extra Pickles"]', '{}', 2);
INSERT INTO item_options (item_id, name, choices, price_additions, sort_order) VALUES ('prod-423', 'Cooking Level', '["Medium","Well Done","Extra Well Done"]', '{}', 0);
INSERT INTO item_options (item_id, name, choices, price_additions, sort_order) VALUES ('prod-423', 'Garlic Sauce', '["Regular","No Garlic","Extra Garlic"]', '{}', 1);
INSERT INTO item_options (item_id, name, choices, price_additions, sort_order) VALUES ('prod-423', 'Pickles', '["With Pickles","No Pickles","Extra Pickles"]', '{}', 2);
INSERT INTO item_options (item_id, name, choices, price_additions, sort_order) VALUES ('prod-375', 'Cooking Level', '["Medium","Well Done","Extra Well Done"]', '{}', 0);
INSERT INTO item_options (item_id, name, choices, price_additions, sort_order) VALUES ('prod-375', 'Garlic Sauce', '["Regular","No Garlic","Extra Garlic"]', '{}', 1);
INSERT INTO item_options (item_id, name, choices, price_additions, sort_order) VALUES ('prod-375', 'Pickles', '["With Pickles","No Pickles","Extra Pickles"]', '{}', 2);
INSERT INTO item_options (item_id, name, choices, price_additions, sort_order) VALUES ('prod-358', 'Cooking Level', '["Medium","Well Done","Extra Well Done"]', '{}', 0);
INSERT INTO item_options (item_id, name, choices, price_additions, sort_order) VALUES ('prod-358', 'Garlic Sauce', '["Regular","No Garlic","Extra Garlic"]', '{}', 1);
INSERT INTO item_options (item_id, name, choices, price_additions, sort_order) VALUES ('prod-358', 'Pickles', '["With Pickles","No Pickles","Extra Pickles"]', '{}', 2);
INSERT INTO item_options (item_id, name, choices, price_additions, sort_order) VALUES ('prod-357', 'Cooking Level', '["Medium","Well Done","Extra Well Done"]', '{}', 0);
INSERT INTO item_options (item_id, name, choices, price_additions, sort_order) VALUES ('prod-357', 'Garlic Sauce', '["Regular","No Garlic","Extra Garlic"]', '{}', 1);
INSERT INTO item_options (item_id, name, choices, price_additions, sort_order) VALUES ('prod-357', 'Pickles', '["With Pickles","No Pickles","Extra Pickles"]', '{}', 2);
INSERT INTO item_options (item_id, name, choices, price_additions, sort_order) VALUES ('prod-363', 'Cooking Level', '["Medium","Well Done","Extra Well Done"]', '{}', 0);
INSERT INTO item_options (item_id, name, choices, price_additions, sort_order) VALUES ('prod-363', 'Garlic Sauce', '["Regular","No Garlic","Extra Garlic"]', '{}', 1);
INSERT INTO item_options (item_id, name, choices, price_additions, sort_order) VALUES ('prod-363', 'Pickles', '["With Pickles","No Pickles","Extra Pickles"]', '{}', 2);
INSERT INTO item_options (item_id, name, choices, price_additions, sort_order) VALUES ('prod-359', 'Cooking Level', '["Medium","Well Done","Extra Well Done"]', '{}', 0);
INSERT INTO item_options (item_id, name, choices, price_additions, sort_order) VALUES ('prod-359', 'Garlic Sauce', '["Regular","No Garlic","Extra Garlic"]', '{}', 1);
INSERT INTO item_options (item_id, name, choices, price_additions, sort_order) VALUES ('prod-359', 'Pickles', '["With Pickles","No Pickles","Extra Pickles"]', '{}', 2);
INSERT INTO item_options (item_id, name, choices, price_additions, sort_order) VALUES ('prod-401', 'Cooking Level', '["Medium","Well Done","Extra Well Done"]', '{}', 0);
INSERT INTO item_options (item_id, name, choices, price_additions, sort_order) VALUES ('prod-401', 'Garlic Sauce', '["Regular","No Garlic","Extra Garlic"]', '{}', 1);
INSERT INTO item_options (item_id, name, choices, price_additions, sort_order) VALUES ('prod-401', 'Pickles', '["With Pickles","No Pickles","Extra Pickles"]', '{}', 2);
INSERT INTO item_options (item_id, name, choices, price_additions, sort_order) VALUES ('prod-487', 'Cooking Level', '["Medium","Well Done","Extra Well Done"]', '{}', 0);
INSERT INTO item_options (item_id, name, choices, price_additions, sort_order) VALUES ('prod-487', 'Garlic Sauce', '["Regular","No Garlic","Extra Garlic"]', '{}', 1);
INSERT INTO item_options (item_id, name, choices, price_additions, sort_order) VALUES ('prod-487', 'Pickles', '["With Pickles","No Pickles","Extra Pickles"]', '{}', 2);
INSERT INTO item_options (item_id, name, choices, price_additions, sort_order) VALUES ('prod-403', 'Cooking Level', '["Medium","Well Done","Extra Well Done"]', '{}', 0);
INSERT INTO item_options (item_id, name, choices, price_additions, sort_order) VALUES ('prod-403', 'Garlic Sauce', '["Regular","No Garlic","Extra Garlic"]', '{}', 1);
INSERT INTO item_options (item_id, name, choices, price_additions, sort_order) VALUES ('prod-403', 'Pickles', '["With Pickles","No Pickles","Extra Pickles"]', '{}', 2);
INSERT INTO item_options (item_id, name, choices, price_additions, sort_order) VALUES ('prod-544', 'Bread Size', '["1 Pita Loaf","1.5 Pita Loaves","2 Pita Loaves"]', '{}', 0);
INSERT INTO item_options (item_id, name, choices, price_additions, sort_order) VALUES ('prod-544', 'Garlic Sauce', '["Regular","No Garlic","Extra Garlic"]', '{}', 1);
INSERT INTO item_options (item_id, name, choices, price_additions, sort_order) VALUES ('prod-544', 'Pickles', '["With Pickles","No Pickles","Extra Pickles"]', '{}', 2);
INSERT INTO item_options (item_id, name, choices, price_additions, sort_order) VALUES ('prod-544', 'Coleslaw', '["With Coleslaw","No Coleslaw","Extra Coleslaw"]', '{}', 3);
INSERT INTO item_options (item_id, name, choices, price_additions, sort_order) VALUES ('prod-544', 'Add-ons', '["No Add-on","Add Tabasco","Add Fries","Add Cheese"]', '{}', 4);
INSERT INTO item_options (item_id, name, choices, price_additions, sort_order) VALUES ('prod-473', 'Bread Size', '["1 Pita Loaf","1.5 Pita Loaves","2 Pita Loaves"]', '{}', 0);
INSERT INTO item_options (item_id, name, choices, price_additions, sort_order) VALUES ('prod-473', 'Garlic Sauce', '["Regular","No Garlic","Extra Garlic"]', '{}', 1);
INSERT INTO item_options (item_id, name, choices, price_additions, sort_order) VALUES ('prod-473', 'Pickles', '["With Pickles","No Pickles","Extra Pickles"]', '{}', 2);
INSERT INTO item_options (item_id, name, choices, price_additions, sort_order) VALUES ('prod-473', 'Coleslaw', '["With Coleslaw","No Coleslaw","Extra Coleslaw"]', '{}', 3);
INSERT INTO item_options (item_id, name, choices, price_additions, sort_order) VALUES ('prod-473', 'Add-ons', '["No Add-on","Add Tabasco","Add Fries","Add Cheese"]', '{}', 4);
INSERT INTO item_options (item_id, name, choices, price_additions, sort_order) VALUES ('prod-496', 'Bread Size', '["1 Pita Loaf","1.5 Pita Loaves","2 Pita Loaves"]', '{}', 0);
INSERT INTO item_options (item_id, name, choices, price_additions, sort_order) VALUES ('prod-496', 'Garlic Sauce', '["Regular","No Garlic","Extra Garlic"]', '{}', 1);
INSERT INTO item_options (item_id, name, choices, price_additions, sort_order) VALUES ('prod-496', 'Pickles', '["With Pickles","No Pickles","Extra Pickles"]', '{}', 2);
INSERT INTO item_options (item_id, name, choices, price_additions, sort_order) VALUES ('prod-496', 'Coleslaw', '["With Coleslaw","No Coleslaw","Extra Coleslaw"]', '{}', 3);
INSERT INTO item_options (item_id, name, choices, price_additions, sort_order) VALUES ('prod-496', 'Add-ons', '["No Add-on","Add Tabasco","Add Fries","Add Cheese"]', '{}', 4);
INSERT INTO item_options (item_id, name, choices, price_additions, sort_order) VALUES ('prod-453', 'Bread Size', '["1 Pita Loaf","1.5 Pita Loaves","2 Pita Loaves"]', '{}', 0);
INSERT INTO item_options (item_id, name, choices, price_additions, sort_order) VALUES ('prod-453', 'Garlic Sauce', '["Regular","No Garlic","Extra Garlic"]', '{}', 1);
INSERT INTO item_options (item_id, name, choices, price_additions, sort_order) VALUES ('prod-453', 'Pickles', '["With Pickles","No Pickles","Extra Pickles"]', '{}', 2);
INSERT INTO item_options (item_id, name, choices, price_additions, sort_order) VALUES ('prod-453', 'Coleslaw', '["With Coleslaw","No Coleslaw","Extra Coleslaw"]', '{}', 3);
INSERT INTO item_options (item_id, name, choices, price_additions, sort_order) VALUES ('prod-453', 'Add-ons', '["No Add-on","Add Tabasco","Add Fries","Add Cheese"]', '{}', 4);
INSERT INTO item_options (item_id, name, choices, price_additions, sort_order) VALUES ('prod-474', 'Bread Size', '["1 Pita Loaf","1.5 Pita Loaves","2 Pita Loaves"]', '{}', 0);
INSERT INTO item_options (item_id, name, choices, price_additions, sort_order) VALUES ('prod-474', 'Garlic Sauce', '["Regular","No Garlic","Extra Garlic"]', '{}', 1);
INSERT INTO item_options (item_id, name, choices, price_additions, sort_order) VALUES ('prod-474', 'Pickles', '["With Pickles","No Pickles","Extra Pickles"]', '{}', 2);
INSERT INTO item_options (item_id, name, choices, price_additions, sort_order) VALUES ('prod-474', 'Coleslaw', '["With Coleslaw","No Coleslaw","Extra Coleslaw"]', '{}', 3);
INSERT INTO item_options (item_id, name, choices, price_additions, sort_order) VALUES ('prod-474', 'Add-ons', '["No Add-on","Add Tabasco","Add Fries","Add Cheese"]', '{}', 4);
INSERT INTO item_options (item_id, name, choices, price_additions, sort_order) VALUES ('prod-481', 'Bread Size', '["1 Pita Loaf","1.5 Pita Loaves","2 Pita Loaves"]', '{}', 0);
INSERT INTO item_options (item_id, name, choices, price_additions, sort_order) VALUES ('prod-481', 'Garlic Sauce', '["Regular","No Garlic","Extra Garlic"]', '{}', 1);
INSERT INTO item_options (item_id, name, choices, price_additions, sort_order) VALUES ('prod-481', 'Pickles', '["With Pickles","No Pickles","Extra Pickles"]', '{}', 2);
INSERT INTO item_options (item_id, name, choices, price_additions, sort_order) VALUES ('prod-481', 'Coleslaw', '["With Coleslaw","No Coleslaw","Extra Coleslaw"]', '{}', 3);
INSERT INTO item_options (item_id, name, choices, price_additions, sort_order) VALUES ('prod-481', 'Add-ons', '["No Add-on","Add Tabasco","Add Fries","Add Cheese"]', '{}', 4);
INSERT INTO item_options (item_id, name, choices, price_additions, sort_order) VALUES ('prod-477', 'Bread Size', '["1 Pita Loaf","1.5 Pita Loaves","2 Pita Loaves"]', '{}', 0);
INSERT INTO item_options (item_id, name, choices, price_additions, sort_order) VALUES ('prod-477', 'Garlic Sauce', '["Regular","No Garlic","Extra Garlic"]', '{}', 1);
INSERT INTO item_options (item_id, name, choices, price_additions, sort_order) VALUES ('prod-477', 'Pickles', '["With Pickles","No Pickles","Extra Pickles"]', '{}', 2);
INSERT INTO item_options (item_id, name, choices, price_additions, sort_order) VALUES ('prod-477', 'Coleslaw', '["With Coleslaw","No Coleslaw","Extra Coleslaw"]', '{}', 3);
INSERT INTO item_options (item_id, name, choices, price_additions, sort_order) VALUES ('prod-477', 'Add-ons', '["No Add-on","Add Tabasco","Add Fries","Add Cheese"]', '{}', 4);
INSERT INTO item_options (item_id, name, choices, price_additions, sort_order) VALUES ('prod-540', 'Bread Size', '["1 Pita Loaf","1.5 Pita Loaves","2 Pita Loaves"]', '{}', 0);
INSERT INTO item_options (item_id, name, choices, price_additions, sort_order) VALUES ('prod-540', 'Garlic Sauce', '["Regular","No Garlic","Extra Garlic"]', '{}', 1);
INSERT INTO item_options (item_id, name, choices, price_additions, sort_order) VALUES ('prod-540', 'Pickles', '["With Pickles","No Pickles","Extra Pickles"]', '{}', 2);
INSERT INTO item_options (item_id, name, choices, price_additions, sort_order) VALUES ('prod-540', 'Coleslaw', '["With Coleslaw","No Coleslaw","Extra Coleslaw"]', '{}', 3);
INSERT INTO item_options (item_id, name, choices, price_additions, sort_order) VALUES ('prod-540', 'Add-ons', '["No Add-on","Add Tabasco","Add Fries","Add Cheese"]', '{}', 4);
INSERT INTO item_options (item_id, name, choices, price_additions, sort_order) VALUES ('prod-471', 'Bread Size', '["1 Pita Loaf","1.5 Pita Loaves","2 Pita Loaves"]', '{}', 0);
INSERT INTO item_options (item_id, name, choices, price_additions, sort_order) VALUES ('prod-471', 'Garlic Sauce', '["Regular","No Garlic","Extra Garlic"]', '{}', 1);
INSERT INTO item_options (item_id, name, choices, price_additions, sort_order) VALUES ('prod-471', 'Pickles', '["With Pickles","No Pickles","Extra Pickles"]', '{}', 2);
INSERT INTO item_options (item_id, name, choices, price_additions, sort_order) VALUES ('prod-471', 'Coleslaw', '["With Coleslaw","No Coleslaw","Extra Coleslaw"]', '{}', 3);
INSERT INTO item_options (item_id, name, choices, price_additions, sort_order) VALUES ('prod-471', 'Add-ons', '["No Add-on","Add Tabasco","Add Fries","Add Cheese"]', '{}', 4);
INSERT INTO item_options (item_id, name, choices, price_additions, sort_order) VALUES ('prod-470', 'Bread Size', '["1 Pita Loaf","1.5 Pita Loaves","2 Pita Loaves"]', '{}', 0);
INSERT INTO item_options (item_id, name, choices, price_additions, sort_order) VALUES ('prod-470', 'Garlic Sauce', '["Regular","No Garlic","Extra Garlic"]', '{}', 1);
INSERT INTO item_options (item_id, name, choices, price_additions, sort_order) VALUES ('prod-470', 'Pickles', '["With Pickles","No Pickles","Extra Pickles"]', '{}', 2);
INSERT INTO item_options (item_id, name, choices, price_additions, sort_order) VALUES ('prod-470', 'Coleslaw', '["With Coleslaw","No Coleslaw","Extra Coleslaw"]', '{}', 3);
INSERT INTO item_options (item_id, name, choices, price_additions, sort_order) VALUES ('prod-470', 'Add-ons', '["No Add-on","Add Tabasco","Add Fries","Add Cheese"]', '{}', 4);
INSERT INTO item_options (item_id, name, choices, price_additions, sort_order) VALUES ('prod-476', 'Bread Size', '["1 Pita Loaf","1.5 Pita Loaves","2 Pita Loaves"]', '{}', 0);
INSERT INTO item_options (item_id, name, choices, price_additions, sort_order) VALUES ('prod-476', 'Garlic Sauce', '["Regular","No Garlic","Extra Garlic"]', '{}', 1);
INSERT INTO item_options (item_id, name, choices, price_additions, sort_order) VALUES ('prod-476', 'Pickles', '["With Pickles","No Pickles","Extra Pickles"]', '{}', 2);
INSERT INTO item_options (item_id, name, choices, price_additions, sort_order) VALUES ('prod-476', 'Coleslaw', '["With Coleslaw","No Coleslaw","Extra Coleslaw"]', '{}', 3);
INSERT INTO item_options (item_id, name, choices, price_additions, sort_order) VALUES ('prod-476', 'Add-ons', '["No Add-on","Add Tabasco","Add Fries","Add Cheese"]', '{}', 4);
INSERT INTO item_options (item_id, name, choices, price_additions, sort_order) VALUES ('prod-555', 'Bread Size', '["1 Pita Loaf","1.5 Pita Loaves","2 Pita Loaves"]', '{}', 0);
INSERT INTO item_options (item_id, name, choices, price_additions, sort_order) VALUES ('prod-555', 'Garlic Sauce', '["Regular","No Garlic","Extra Garlic"]', '{}', 1);
INSERT INTO item_options (item_id, name, choices, price_additions, sort_order) VALUES ('prod-555', 'Pickles', '["With Pickles","No Pickles","Extra Pickles"]', '{}', 2);
INSERT INTO item_options (item_id, name, choices, price_additions, sort_order) VALUES ('prod-555', 'Coleslaw', '["With Coleslaw","No Coleslaw","Extra Coleslaw"]', '{}', 3);
INSERT INTO item_options (item_id, name, choices, price_additions, sort_order) VALUES ('prod-555', 'Add-ons', '["No Add-on","Add Tabasco","Add Fries","Add Cheese"]', '{}', 4);
INSERT INTO item_options (item_id, name, choices, price_additions, sort_order) VALUES ('prod-472', 'Bread Size', '["1 Pita Loaf","1.5 Pita Loaves","2 Pita Loaves"]', '{}', 0);
INSERT INTO item_options (item_id, name, choices, price_additions, sort_order) VALUES ('prod-472', 'Garlic Sauce', '["Regular","No Garlic","Extra Garlic"]', '{}', 1);
INSERT INTO item_options (item_id, name, choices, price_additions, sort_order) VALUES ('prod-472', 'Pickles', '["With Pickles","No Pickles","Extra Pickles"]', '{}', 2);
INSERT INTO item_options (item_id, name, choices, price_additions, sort_order) VALUES ('prod-472', 'Coleslaw', '["With Coleslaw","No Coleslaw","Extra Coleslaw"]', '{}', 3);
INSERT INTO item_options (item_id, name, choices, price_additions, sort_order) VALUES ('prod-472', 'Add-ons', '["No Add-on","Add Tabasco","Add Fries","Add Cheese"]', '{}', 4);
INSERT INTO item_options (item_id, name, choices, price_additions, sort_order) VALUES ('prod-475', 'Bread Size', '["1 Pita Loaf","1.5 Pita Loaves","2 Pita Loaves"]', '{}', 0);
INSERT INTO item_options (item_id, name, choices, price_additions, sort_order) VALUES ('prod-475', 'Garlic Sauce', '["Regular","No Garlic","Extra Garlic"]', '{}', 1);
INSERT INTO item_options (item_id, name, choices, price_additions, sort_order) VALUES ('prod-475', 'Pickles', '["With Pickles","No Pickles","Extra Pickles"]', '{}', 2);
INSERT INTO item_options (item_id, name, choices, price_additions, sort_order) VALUES ('prod-475', 'Coleslaw', '["With Coleslaw","No Coleslaw","Extra Coleslaw"]', '{}', 3);
INSERT INTO item_options (item_id, name, choices, price_additions, sort_order) VALUES ('prod-475', 'Add-ons', '["No Add-on","Add Tabasco","Add Fries","Add Cheese"]', '{}', 4);
INSERT INTO item_options (item_id, name, choices, price_additions, sort_order) VALUES ('prod-480', 'Bread Size', '["1 Pita Loaf","1.5 Pita Loaves","2 Pita Loaves"]', '{}', 0);
INSERT INTO item_options (item_id, name, choices, price_additions, sort_order) VALUES ('prod-480', 'Garlic Sauce', '["Regular","No Garlic","Extra Garlic"]', '{}', 1);
INSERT INTO item_options (item_id, name, choices, price_additions, sort_order) VALUES ('prod-480', 'Pickles', '["With Pickles","No Pickles","Extra Pickles"]', '{}', 2);
INSERT INTO item_options (item_id, name, choices, price_additions, sort_order) VALUES ('prod-480', 'Coleslaw', '["With Coleslaw","No Coleslaw","Extra Coleslaw"]', '{}', 3);
INSERT INTO item_options (item_id, name, choices, price_additions, sort_order) VALUES ('prod-480', 'Add-ons', '["No Add-on","Add Tabasco","Add Fries","Add Cheese"]', '{}', 4);
INSERT INTO item_options (item_id, name, choices, price_additions, sort_order) VALUES ('prod-537', 'Bread Size', '["1 Pita Loaf","1.5 Pita Loaves","2 Pita Loaves"]', '{}', 0);
INSERT INTO item_options (item_id, name, choices, price_additions, sort_order) VALUES ('prod-537', 'Garlic Sauce', '["Regular","No Garlic","Extra Garlic"]', '{}', 1);
INSERT INTO item_options (item_id, name, choices, price_additions, sort_order) VALUES ('prod-537', 'Pickles', '["With Pickles","No Pickles","Extra Pickles"]', '{}', 2);
INSERT INTO item_options (item_id, name, choices, price_additions, sort_order) VALUES ('prod-537', 'Coleslaw', '["With Coleslaw","No Coleslaw","Extra Coleslaw"]', '{}', 3);
INSERT INTO item_options (item_id, name, choices, price_additions, sort_order) VALUES ('prod-537', 'Add-ons', '["No Add-on","Add Tabasco","Add Fries","Add Cheese"]', '{}', 4);
INSERT INTO item_options (item_id, name, choices, price_additions, sort_order) VALUES ('prod-454', 'Side', '["Fries","Fries + Coleslaw","No Side"]', '{}', 0);
INSERT INTO item_options (item_id, name, choices, price_additions, sort_order) VALUES ('prod-454', 'Garlic Sauce', '["Regular","No Garlic","Extra Garlic"]', '{}', 1);
INSERT INTO item_options (item_id, name, choices, price_additions, sort_order) VALUES ('prod-454', 'Pickles', '["With Pickles","No Pickles","Extra Pickles"]', '{}', 2);
INSERT INTO item_options (item_id, name, choices, price_additions, sort_order) VALUES ('prod-565', 'Side', '["Fries","Fries + Coleslaw","No Side"]', '{}', 0);
INSERT INTO item_options (item_id, name, choices, price_additions, sort_order) VALUES ('prod-565', 'Garlic Sauce', '["Regular","No Garlic","Extra Garlic"]', '{}', 1);
INSERT INTO item_options (item_id, name, choices, price_additions, sort_order) VALUES ('prod-565', 'Pickles', '["With Pickles","No Pickles","Extra Pickles"]', '{}', 2);
INSERT INTO item_options (item_id, name, choices, price_additions, sort_order) VALUES ('prod-566', 'Side', '["Fries","Fries + Coleslaw","No Side"]', '{}', 0);
INSERT INTO item_options (item_id, name, choices, price_additions, sort_order) VALUES ('prod-566', 'Garlic Sauce', '["Regular","No Garlic","Extra Garlic"]', '{}', 1);
INSERT INTO item_options (item_id, name, choices, price_additions, sort_order) VALUES ('prod-566', 'Pickles', '["With Pickles","No Pickles","Extra Pickles"]', '{}', 2);
INSERT INTO item_options (item_id, name, choices, price_additions, sort_order) VALUES ('prod-534', 'Side', '["Fries","Fries + Coleslaw","No Side"]', '{}', 0);
INSERT INTO item_options (item_id, name, choices, price_additions, sort_order) VALUES ('prod-534', 'Garlic Sauce', '["Regular","No Garlic","Extra Garlic"]', '{}', 1);
INSERT INTO item_options (item_id, name, choices, price_additions, sort_order) VALUES ('prod-534', 'Pickles', '["With Pickles","No Pickles","Extra Pickles"]', '{}', 2);
INSERT INTO item_options (item_id, name, choices, price_additions, sort_order) VALUES ('prod-535', 'Side', '["Fries","Fries + Coleslaw","No Side"]', '{}', 0);
INSERT INTO item_options (item_id, name, choices, price_additions, sort_order) VALUES ('prod-535', 'Garlic Sauce', '["Regular","No Garlic","Extra Garlic"]', '{}', 1);
INSERT INTO item_options (item_id, name, choices, price_additions, sort_order) VALUES ('prod-535', 'Pickles', '["With Pickles","No Pickles","Extra Pickles"]', '{}', 2);
INSERT INTO item_options (item_id, name, choices, price_additions, sort_order) VALUES ('prod-549', 'Side', '["Fries","Fries + Coleslaw","No Side"]', '{}', 0);
INSERT INTO item_options (item_id, name, choices, price_additions, sort_order) VALUES ('prod-549', 'Garlic Sauce', '["Regular","No Garlic","Extra Garlic"]', '{}', 1);
INSERT INTO item_options (item_id, name, choices, price_additions, sort_order) VALUES ('prod-549', 'Pickles', '["With Pickles","No Pickles","Extra Pickles"]', '{}', 2);
INSERT INTO item_options (item_id, name, choices, price_additions, sort_order) VALUES ('prod-536', 'Side', '["Fries","Fries + Coleslaw","No Side"]', '{}', 0);
INSERT INTO item_options (item_id, name, choices, price_additions, sort_order) VALUES ('prod-536', 'Garlic Sauce', '["Regular","No Garlic","Extra Garlic"]', '{}', 1);
INSERT INTO item_options (item_id, name, choices, price_additions, sort_order) VALUES ('prod-536', 'Pickles', '["With Pickles","No Pickles","Extra Pickles"]', '{}', 2);
INSERT INTO item_options (item_id, name, choices, price_additions, sort_order) VALUES ('prod-541', 'Side', '["Fries","Fries + Coleslaw","No Side"]', '{}', 0);
INSERT INTO item_options (item_id, name, choices, price_additions, sort_order) VALUES ('prod-541', 'Garlic Sauce', '["Regular","No Garlic","Extra Garlic"]', '{}', 1);
INSERT INTO item_options (item_id, name, choices, price_additions, sort_order) VALUES ('prod-541', 'Pickles', '["With Pickles","No Pickles","Extra Pickles"]', '{}', 2);
INSERT INTO item_options (item_id, name, choices, price_additions, sort_order) VALUES ('prod-552', 'Side', '["Fries","Fries + Coleslaw","No Side"]', '{}', 0);
INSERT INTO item_options (item_id, name, choices, price_additions, sort_order) VALUES ('prod-552', 'Garlic Sauce', '["Regular","No Garlic","Extra Garlic"]', '{}', 1);
INSERT INTO item_options (item_id, name, choices, price_additions, sort_order) VALUES ('prod-552', 'Pickles', '["With Pickles","No Pickles","Extra Pickles"]', '{}', 2);
INSERT INTO item_options (item_id, name, choices, price_additions, sort_order) VALUES ('prod-410', 'Meat Type', '["Beef (بقر)","Lamb (غنم)","Lamb and Veal (غنم وعجل)"]', '{}', 0);
INSERT INTO item_options (item_id, name, choices, price_additions, sort_order) VALUES ('prod-410', 'Pomegranate Molasses', '["Regular","Without Pomegranate"]', '{}', 1);
INSERT INTO item_options (item_id, name, choices, price_additions, sort_order) VALUES ('prod-693', 'Meat Type', '["Beef (بقر)","Lamb (غنم)","Lamb and Veal (غنم وعجل)"]', '{}', 0);
INSERT INTO item_options (item_id, name, choices, price_additions, sort_order) VALUES ('prod-693', 'Pomegranate Molasses', '["Regular","Without Pomegranate"]', '{}', 1);
INSERT INTO item_options (item_id, name, choices, price_additions, sort_order) VALUES ('prod-694', 'Meat Type', '["Beef (بقر)","Lamb (غنم)","Lamb and Veal (غنم وعجل)"]', '{}', 0);
INSERT INTO item_options (item_id, name, choices, price_additions, sort_order) VALUES ('prod-694', 'Pomegranate Molasses', '["Regular","Without Pomegranate"]', '{}', 1);
INSERT INTO item_options (item_id, name, choices, price_additions, sort_order) VALUES ('prod-503', 'Preparation', '["Frozen","Half Fried","Fully Fried"]', '{}', 0);
INSERT INTO item_options (item_id, name, choices, price_additions, sort_order) VALUES ('prod-503', 'Cooking Method', '["Fry","Bake","Air Fry"]', '{}', 1);
INSERT INTO item_options (item_id, name, choices, price_additions, sort_order) VALUES ('prod-512', 'Preparation', '["Frozen","Half Fried","Fully Fried"]', '{}', 0);
INSERT INTO item_options (item_id, name, choices, price_additions, sort_order) VALUES ('prod-512', 'Cooking Method', '["Fry","Bake","Air Fry"]', '{}', 1);
INSERT INTO item_options (item_id, name, choices, price_additions, sort_order) VALUES ('prod-524', 'Preparation', '["Frozen","Half Fried","Fully Fried"]', '{}', 0);
INSERT INTO item_options (item_id, name, choices, price_additions, sort_order) VALUES ('prod-524', 'Cooking Method', '["Fry","Bake","Air Fry"]', '{}', 1);
INSERT INTO item_options (item_id, name, choices, price_additions, sort_order) VALUES ('prod-515', 'Preparation', '["Frozen","Half Fried","Fully Fried"]', '{}', 0);
INSERT INTO item_options (item_id, name, choices, price_additions, sort_order) VALUES ('prod-515', 'Cooking Method', '["Fry","Bake","Air Fry"]', '{}', 1);
INSERT INTO item_options (item_id, name, choices, price_additions, sort_order) VALUES ('prod-509', 'Preparation', '["Frozen","Half Fried","Fully Fried"]', '{}', 0);
INSERT INTO item_options (item_id, name, choices, price_additions, sort_order) VALUES ('prod-509', 'Cooking Method', '["Fry","Bake","Air Fry"]', '{}', 1);
INSERT INTO item_options (item_id, name, choices, price_additions, sort_order) VALUES ('prod-497', 'Preparation', '["Frozen","Half Fried","Fully Fried"]', '{}', 0);
INSERT INTO item_options (item_id, name, choices, price_additions, sort_order) VALUES ('prod-497', 'Cooking Method', '["Fry","Bake","Air Fry"]', '{}', 1);
INSERT INTO item_options (item_id, name, choices, price_additions, sort_order) VALUES ('prod-494', 'Serving Size', '["Small","Medium","Large"]', '{}', 0);
INSERT INTO item_options (item_id, name, choices, price_additions, sort_order) VALUES ('prod-490', 'Serving Size', '["Regular","Large","Family"]', '{}', 0);
INSERT INTO item_options (item_id, name, choices, price_additions, sort_order) VALUES ('prod-492', 'Serving Size', '["Regular","Large","Family"]', '{}', 0);
INSERT INTO item_options (item_id, name, choices, price_additions, sort_order) VALUES ('prod-554', 'Serving Size', '["Regular","Large","Family"]', '{}', 0);
INSERT INTO item_options (item_id, name, choices, price_additions, sort_order) VALUES ('prod-531', 'Serving Size', '["Small","Medium","Large"]', '{}', 0);
INSERT INTO item_options (item_id, name, choices, price_additions, sort_order) VALUES ('prod-533', 'Serving Size', '["Small","Medium","Large"]', '{}', 0);
INSERT INTO item_options (item_id, name, choices, price_additions, sort_order) VALUES ('prod-405', 'Serving Size', '["Small","Medium","Large"]', '{}', 0);
INSERT INTO item_options (item_id, name, choices, price_additions, sort_order) VALUES ('prod-527', 'Serving Size', '["Small","Medium","Large"]', '{}', 0);
INSERT INTO item_options (item_id, name, choices, price_additions, sort_order) VALUES ('prod-567', 'Serving Size', '["Regular","Large","Family"]', '{}', 0);
INSERT INTO item_options (item_id, name, choices, price_additions, sort_order) VALUES ('prod-499', 'Serving Temperature', '["Cold","Room Temperature","With Ice"]', '{}', 0);
INSERT INTO item_options (item_id, name, choices, price_additions, sort_order) VALUES ('prod-499', 'Ice', '["No Ice","Regular Ice","Extra Ice"]', '{}', 1);
INSERT INTO item_options (item_id, name, choices, price_additions, sort_order) VALUES ('prod-498', 'Serving Temperature', '["Cold","Room Temperature","With Ice"]', '{}', 0);
INSERT INTO item_options (item_id, name, choices, price_additions, sort_order) VALUES ('prod-498', 'Ice', '["No Ice","Regular Ice","Extra Ice"]', '{}', 1);
INSERT INTO item_options (item_id, name, choices, price_additions, sort_order) VALUES ('prod-520', 'Serving Temperature', '["Cold","Room Temperature","With Ice"]', '{}', 0);
INSERT INTO item_options (item_id, name, choices, price_additions, sort_order) VALUES ('prod-520', 'Ice', '["No Ice","Regular Ice","Extra Ice"]', '{}', 1);
INSERT INTO item_options (item_id, name, choices, price_additions, sort_order) VALUES ('prod-519', 'Serving Temperature', '["Cold","Room Temperature","With Ice"]', '{}', 0);
INSERT INTO item_options (item_id, name, choices, price_additions, sort_order) VALUES ('prod-519', 'Ice', '["No Ice","Regular Ice","Extra Ice"]', '{}', 1);